201985,A.J. Price,1610612756,PHX,28.0,6-2,74,195,Connecticut,USA,2009,2,52,26,5.1,1.2,1.8,-12.2,0.019,0.096,0.226,0.451,0.254
201166,Aaron Brooks,1610612741,CHI,30.0,6-0,72,161,Oregon,USA,2007,1,26,82,11.6,2.0,3.2,5.2,0.019,0.078,0.252,0.534,0.245
203932,Aaron Gordon,1610612753,ORL,19.0,6-9,81,220,Arizona,USA,2014,1,4,47,5.2,3.6,0.7,-5.6,0.064,0.171,0.156,0.517,0.064
203940,Adreian Payne,1610612750,MIN,24.0,6-10,82,245,Michigan State,USA,2014,1,15,32,6.7,5.1,0.9,-16.9,0.073,0.186,0.176,0.443,0.067
201143,Al Horford,1610612737,ATL,28.0,6-10,82,250,Florida,Dominican Republic,2007,1,3,76,15.2,7.2,3.2,6.6,0.068,0.193,0.225,0.563,0.178
2744,Al Jefferson,1610612766,CHA,30.0,6-10,82,289,None,USA,2004,1,15,65,16.6,8.4,1.7,-3.7,0.054,0.26,0.267,0.5,0.11
202329,Al-Farouq Aminu,1610612742,DAL,24.0,6-9,81,215,Wake Forest,USA,2010,1,8,74,5.6,4.6,0.8,5.7,0.091,0.18,0.151,0.504,0.062
101187,Alan Anderson,1610612751,BKN,32.0,6-6,78,220,Michigan State,USA,Undrafted,Undrafted,Undrafted,74,7.4,2.8,1.1,-1.4,0.02,0.109,0.142,0.563,0.074
202692,Alec Burks,1610612762,UTA,23.0,6-6,78,211,Colorado,USA,2011,1,12,27,13.9,4.2,3.0,-7.4,0.025,0.127,0.21,0.524,0.145
203945,Alex Kirk,1610612739,CLE,23.0,7-0,84,245,New Mexico,USA,Undrafted,Undrafted,Undrafted,5,0.8,0.2,0.2,-61.8,0.091,0.0,0.17,0.41,0.125
203458,Alex Len,1610612756,PHX,21.0,7-1,85,255,Maryland,Ukraine,2013,1,5,69,6.3,6.6,0.5,0.5,0.102,0.223,0.135,0.542,0.03
203144,Alexey Shved,1610612752,NYK,26.0,6-6,78,187,None,Russia,Undrafted,Undrafted,Undrafted,42,10.3,2.4,2.5,-8.5,0.031,0.111,0.258,0.541,0.26
201582,Alexis Ajinca,1610612740,NOP,27.0,7-2,86,248,None,France,2008,1,20,68,6.5,4.6,0.7,-0.6,0.13,0.248,0.214,0.595,0.084
203459,Allen Crabbe,1610612757,POR,23.0,6-6,78,210,California,USA,2013,2,31,51,3.3,1.4,0.8,-1.8,0.011,0.104,0.115,0.525,0.082
202087,Alonzo Gee,1610612757,POR,27.0,6-6,78,225,Alabama,USA,Undrafted,Undrafted,Undrafted,54,4.5,1.7,0.5,-5.6,0.062,0.095,0.168,0.548,0.062
2405,Amar'e Stoudemire,1610612742,DAL,32.0,6-10,82,245,None,USA,2002,1,9,59,11.5,5.6,0.8,-4.9,0.105,0.212,0.238,0.595,0.064
101161,Amir Johnson,1610612761,TOR,28.0,6-9,81,240,None,USA,2005,2,56,75,9.3,6.1,1.6,2.3,0.093,0.164,0.157,0.603,0.092
2760,Anderson Varejao,1610612739,CLE,32.0,6-11,83,267,None,Brazil,2004,2,30,26,9.8,6.5,1.3,-1.0,0.111,0.212,0.185,0.58,0.09
203958,Andre Dawkins,1610612748,MIA,23.0,6-5,77,219,Duke,USA,Undrafted,Undrafted,Undrafted,4,0.8,0.5,0.3,-18.3,0.0,0.071,0.153,0.25,0.077
203083,Andre Drummond,1610612765,DET,21.0,6-11,83,279,Connecticut,USA,2012,1,9,82,13.8,13.5,0.7,-2.1,0.183,0.302,0.219,0.504,0.037
2738,Andre Iguodala,1610612744,GSW,31.0,6-6,78,215,Arizona,USA,2004,1,9,77,7.8,3.3,3.0,12.2,0.024,0.109,0.135,0.553,0.151
1889,Andre Miller,1610612758,SAC,39.0,6-2,74,200,Utah,USA,1999,1,8,81,4.4,1.9,3.5,-4.4,0.036,0.105,0.155,0.548,0.352
203460,Andre Roberson,1610612760,OKC,23.0,6-7,79,210,Colorado,USA,2013,1,26,67,3.4,3.8,1.0,5.1,0.052,0.159,0.089,0.513,0.075
200745,Andrea Bargnani,1610612752,NYK,29.0,7-0,84,245,None,Italy,2006,1,1,29,14.8,4.4,1.6,-17.5,0.043,0.148,0.262,0.527,0.119
1905,Andrei Kirilenko,1610612751,BKN,34.0,6-9,81,235,None,Russia,1999,1,24,7,0.4,1.1,0.1,-39.3,0.065,0.162,0.092,0.222,0.038
101106,Andrew Bogut,1610612744,GSW,30.0,7-0,84,260,Utah,Australia,2005,1,1,67,6.3,8.1,2.7,16.6,0.101,0.262,0.133,0.565,0.149
203094,Andrew Nicholson,1610612753,ORL,25.0,6-9,81,250,St. Bonaventure,Canada,2012,1,19,40,4.9,2.1,0.6,-7.9,0.04,0.147,0.213,0.483,0.076
203952,Andrew Wiggins,1610612750,MIN,20.0,6-8,80,199,Kansas,Canada,2014,1,1,82,16.9,4.6,2.1,-10.1,0.05,0.096,0.226,0.517,0.097
203461,Anthony Bennett,1610612750,MIN,22.0,6-8,80,245,Nevada-Las Vegas,Canada,2013,1,1,57,5.2,3.8,0.8,-16.5,0.062,0.229,0.176,0.458,0.087
203076,Anthony Davis,1610612740,NOP,22.0,6-10,82,220,Kentucky,USA,2012,1,1,68,24.4,10.2,2.2,5.1,0.08,0.24,0.276,0.591,0.109
201627,Anthony Morrow,1610612760,OKC,29.0,6-5,77,210,Georgia Tech,USA,Undrafted,Undrafted,Undrafted,74,10.7,2.6,0.8,4.4,0.024,0.09,0.164,0.604,0.05
201229,Anthony Tolliver,1610612765,DET,29.0,6-8,80,240,Creighton,USA,Undrafted,Undrafted,Undrafted,76,6.3,3.1,0.8,3.2,0.039,0.152,0.148,0.569,0.061
203462,Archie Goodwin,1610612756,PHX,20.0,6-5,77,198,Kentucky,USA,2013,1,29,41,5.6,1.8,1.1,-15.4,0.049,0.1,0.23,0.486,0.149
202620,Arinze Onuaku,1610612750,MIN,27.0,6-9,81,275,Syracuse,USA,Undrafted,Undrafted,Undrafted,6,4.5,3.5,0.7,-9.7,0.115,0.212,0.125,0.771,0.089
203382,Aron Baynes,1610612759,SAS,28.0,6-10,82,260,Washington State,Australia,Undrafted,Undrafted,Undrafted,70,6.6,4.5,0.5,6.8,0.114,0.206,0.176,0.618,0.049
201167,Arron Afflalo,1610612757,POR,29.0,6-5,77,215,California-Los Angeles,USA,2007,1,27,78,13.3,3.2,1.7,-1.2,0.012,0.096,0.191,0.533,0.079
201948,Austin Daye,1610612737,ATL,26.0,6-11,83,220,Gonzaga,USA,2009,1,15,34,3.8,2.2,0.5,-3.1,0.031,0.212,0.217,0.449,0.083
203085,Austin Rivers,1610612746,LAC,22.0,6-4,76,200,Duke,USA,2012,1,10,76,7.0,2.0,2.0,-3.2,0.019,0.089,0.179,0.481,0.157
202340,Avery Bradley,1610612738,BOS,24.0,6-2,74,180,Texas,USA,2010,1,19,77,13.9,3.1,1.8,-2.4,0.02,0.089,0.21,0.507,0.087
2732,Ben Gordon,1610612753,ORL,32.0,6-3,75,205,Connecticut,USA,2004,1,3,56,6.2,1.1,0.9,-9.0,0.008,0.083,0.22,0.538,0.111
203463,Ben McLemore,1610612758,SAC,22.0,6-5,77,195,Kansas,USA,2013,1,7,82,12.1,2.9,1.7,-1.3,0.014,0.086,0.172,0.552,0.082
2757,Beno Udrih,1610612763,MEM,32.0,6-3,75,205,None,Slovenia,2004,1,28,79,7.7,1.8,2.8,0.2,0.015,0.092,0.197,0.55,0.236
203108,Bernard James,1610612742,DAL,30.0,6-10,82,235,Florida State,USA,2012,2,33,16,2.8,2.4,0.3,-1.7,0.123,0.146,0.12,0.593,0.039
202687,Bismack Biyombo,1610612766,CHA,22.0,6-9,81,245,None,Democratic Republic of Congo,2011,1,7,64,4.8,6.4,0.3,-1.2,0.134,0.222,0.115,0.578,0.021
201933,Blake Griffin,1610612746,LAC,26.0,6-10,82,251,Oklahoma,USA,2009,1,1,67,21.9,7.6,5.3,11.5,0.063,0.18,0.281,0.551,0.246
202711,Bojan Bogdanovic,1610612751,BKN,26.0,6-8,80,216,None,Croatia,2011,2,31,78,9.0,2.7,0.9,-4.9,0.031,0.097,0.172,0.562,0.057
2564,Boris Diaw,1610612759,SAS,33.0,6-8,80,250,None,France,2003,1,21,81,8.7,4.3,2.9,6.7,0.046,0.153,0.183,0.526,0.181
203078,Bradley Beal,1610612764,WAS,21.0,6-5,77,207,Florida,USA,2012,1,3,63,15.3,3.8,3.1,5.8,0.032,0.098,0.226,0.521,0.144
201148,Brandan Wright,1610612756,PHX,27.0,6-10,82,210,North Carolina,USA,2007,1,8,75,7.3,4.3,0.5,0.1,0.099,0.148,0.138,0.66,0.044
101138,Brandon Bass,1610612738,BOS,30.0,6-8,80,250,Louisiana State,USA,2005,2,33,82,10.6,4.9,1.3,-2.1,0.079,0.149,0.2,0.557,0.091
203561,Brandon Davies,1610612751,BKN,23.0,6-10,82,240,Brigham Young,USA,Undrafted,Undrafted,Undrafted,27,5.3,3.1,1.1,-19.1,0.099,0.135,0.186,0.463,0.123
201943,Brandon Jennings,1610612765,DET,25.0,6-1,73,169,None,USA,2009,1,10,41,15.4,2.5,6.6,0.8,0.017,0.079,0.254,0.522,0.384
202688,Brandon Knight,1610612756,PHX,23.0,6-3,75,189,Kentucky,USA,2011,1,8,63,17.0,3.9,5.2,-1.1,0.015,0.119,0.254,0.543,0.272
201575,Brandon Rush,1610612744,GSW,29.0,6-6,78,220,Kansas,USA,2008,1,13,33,0.9,1.2,0.4,-18.9,0.015,0.154,0.111,0.255,0.063
2217,Brendan Haywood,1610612739,CLE,35.0,7-0,84,263,North Carolina,USA,2001,1,20,22,1.6,1.3,0.1,-21.3,0.056,0.192,0.181,0.49,0.032
203148,Brian Roberts,1610612766,CHA,29.0,6-1,73,173,Dayton,USA,Undrafted,Undrafted,Undrafted,72,6.7,1.5,2.3,-4.2,0.011,0.079,0.187,0.495,0.209
201572,Brook Lopez,1610612751,BKN,27.0,7-0,84,275,Stanford,USA,2008,1,10,72,17.2,7.4,0.7,-2.5,0.113,0.17,0.262,0.558,0.044
203998,Bruno Caboclo,1610612761,TOR,19.0,6-9,81,205,None,Brazil,2014,1,20,8,1.3,0.3,0.0,-60.3,0.048,0.05,0.315,0.417,0.0
203955,Bryce Cotton,1610612762,UTA,22.0,6-1,73,165,Providence,USA,Undrafted,Undrafted,Undrafted,15,5.3,1.2,1.0,-0.4,0.021,0.106,0.237,0.52,0.169
203468,CJ McCollum,1610612757,POR,23.0,6-4,76,200,Lehigh,USA,2013,1,10,62,6.8,1.5,1.0,5.3,0.016,0.083,0.205,0.534,0.104
101139,CJ Miles,1610612754,IND,28.0,6-6,78,231,None,USA,2005,2,34,70,13.5,3.1,1.1,4.0,0.011,0.114,0.235,0.525,0.069
201228,CJ Watson,1610612754,IND,31.0,6-2,74,175,Tennessee,USA,Undrafted,Undrafted,Undrafted,57,10.0,2.9,3.6,-0.6,0.014,0.113,0.185,0.581,0.229
203912,CJ Wilcox,1610612746,LAC,24.0,6-5,77,195,Washington,USA,2014,1,28,21,2.0,0.3,0.4,-10.9,0.011,0.062,0.223,0.527,0.151
203946,Cameron Bairstow,1610612741,CHI,24.0,6-9,81,250,New Mexico,Australia,2014,2,49,18,0.6,0.4,0.1,-16.5,0.111,0.041,0.14,0.309,0.021
201171,Carl Landry,1610612758,SAC,31.0,6-9,81,248,Purdue,USA,2007,2,31,70,7.2,3.8,0.4,-9.2,0.095,0.152,0.182,0.578,0.04
2430,Carlos Boozer,1610612747,LAL,33.0,6-9,81,258,Duke,USA,2002,2,34,71,11.8,6.8,1.3,-9.2,0.07,0.248,0.235,0.517,0.101
2546,Carmelo Anthony,1610612752,NYK,30.0,6-8,80,240,Syracuse,USA,2003,1,3,40,24.2,6.6,3.1,-4.2,0.059,0.158,0.324,0.531,0.161
2406,Caron Butler,1610612765,DET,35.0,6-7,79,228,Connecticut,USA,2002,1,10,78,5.9,2.5,1.0,-1.8,0.014,0.123,0.132,0.544,0.074
201858,Cartier Martin,1610612765,DET,30.0,6-7,79,220,Kansas State,USA,Undrafted,Undrafted,Undrafted,23,1.6,0.9,0.5,2.3,0.0,0.114,0.128,0.34,0.085
202718,Chandler Parsons,1610612742,DAL,26.0,6-9,81,227,Florida,USA,2011,2,38,66,15.7,4.9,2.4,4.6,0.032,0.132,0.205,0.567,0.111
101112,Channing Frye,1610612753,ORL,32.0,6-11,83,255,Arizona,USA,2005,1,8,75,7.3,3.9,1.3,-7.6,0.016,0.169,0.141,0.546,0.074
101236,Charles Hayes,1610612761,TOR,31.0,6-6,78,240,Kentucky,USA,Undrafted,Undrafted,Undrafted,29,1.7,1.8,0.7,7.6,0.082,0.163,0.106,0.492,0.105
101111,Charlie Villanueva,1610612742,DAL,30.0,6-11,83,232,Connecticut,USA,2005,1,7,64,6.3,2.3,0.3,-3.3,0.046,0.185,0.261,0.534,0.047
201978,Chase Budinger,1610612750,MIN,26.0,6-7,79,209,Arizona,USA,2009,2,44,67,6.8,3.0,1.0,-10.5,0.029,0.149,0.165,0.537,0.082
2365,Chris Andersen,1610612748,MIA,36.0,6-10,82,245,Blinn,USA,Undrafted,Undrafted,Undrafted,60,5.3,5.0,0.7,0.5,0.086,0.234,0.125,0.622,0.063
2547,Chris Bosh,1610612748,MIA,31.0,6-11,83,235,Georgia Tech,USA,2003,1,4,44,21.1,7.0,2.2,-2.2,0.036,0.201,0.29,0.548,0.121
203142,Chris Copeland,1610612754,IND,31.0,6-8,80,235,Colorado,USA,Undrafted,Undrafted,Undrafted,50,6.2,2.2,1.0,-3.9,0.031,0.118,0.212,0.468,0.102
201604,Chris Douglas-Roberts,1610612746,LAC,28.0,6-7,79,210,Memphis,USA,2008,2,40,12,1.6,1.0,0.3,-7.8,0.011,0.159,0.11,0.387,0.058
203187,Chris Johnson,1610612762,UTA,25.0,6-6,78,201,Dayton,USA,Undrafted,Undrafted,Undrafted,29,5.7,1.9,0.5,-2.7,0.016,0.099,0.145,0.515,0.046
2549,Chris Kaman,1610612757,POR,33.0,7-0,84,265,Central Michigan,USA,2003,1,6,74,8.6,6.5,0.9,0.6,0.117,0.265,0.228,0.537,0.079
101108,Chris Paul,1610612746,LAC,30.0,6-0,72,175,Wake Forest,USA,2005,1,4,82,19.1,4.6,10.2,12.2,0.021,0.124,0.234,0.596,0.441
203921,Cleanthony Early,1610612752,NYK,24.0,6-8,80,220,Wichita State,USA,2014,2,34,39,5.4,2.5,0.9,-13.0,0.038,0.139,0.195,0.447,0.102
203991,Clint Capela,1610612745,HOU,20.0,6-10,82,240,None,Switzerland,2014,1,25,12,2.7,3.0,0.2,5.6,0.115,0.241,0.213,0.409,0.037
203469,Cody Zeller,1610612766,CHA,22.0,7-0,84,240,Indiana,USA,2013,1,4,62,7.6,5.8,1.6,1.4,0.073,0.202,0.155,0.53,0.106
202332,Cole Aldrich,1610612752,NYK,26.0,6-11,83,250,Kansas,USA,2010,1,11,61,5.5,5.5,1.2,-16.0,0.112,0.28,0.182,0.513,0.143
201147,Corey Brewer,1610612745,HOU,29.0,6-9,81,186,Florida,USA,2007,1,7,80,11.5,3.7,2.2,-0.6,0.041,0.115,0.209,0.507,0.131
203928,Cory Jefferson,1610612751,BKN,24.0,6-9,81,218,Baylor,USA,2014,2,60,50,3.7,2.9,0.3,6.8,0.101,0.2,0.174,0.48,0.047
202709,Cory Joseph,1610612759,SAS,23.0,6-3,75,190,Texas,Canada,2011,1,29,79,6.8,2.4,2.4,6.4,0.035,0.113,0.171,0.564,0.205
201584,Courtney Lee,1610612763,MEM,29.0,6-5,77,200,Western Kentucky,USA,2008,1,22,77,10.1,2.3,2.0,2.1,0.01,0.077,0.152,0.555,0.096
201571,D.J. Augustin,1610612760,OKC,27.0,6-0,72,183,Texas,USA,2008,1,9,82,9.5,2.0,4.3,-2.9,0.011,0.079,0.198,0.527,0.286
2563,Dahntay Jones,1610612746,LAC,34.0,6-6,78,225,Duke,USA,2003,1,20,33,0.6,0.3,0.1,-23.0,0.008,0.093,0.103,0.406,0.027
203081,Damian Lillard,1610612757,POR,24.0,6-3,75,195,Weber State,USA,2012,1,6,82,21.0,4.6,6.2,4.5,0.018,0.119,0.267,0.56,0.285
204014,Damjan Rudez,1610612754,IND,28.0,6-10,82,200,None,Croatia,Undrafted,Undrafted,Undrafted,68,4.8,0.7,0.8,-0.7,0.008,0.042,0.137,0.591,0.079
201568,Danilo Gallinari,1610612743,DEN,26.0,6-10,82,225,None,Italy,2008,1,6,59,12.4,3.7,1.4,1.4,0.023,0.148,0.217,0.563,0.094
101122,Danny Granger,1610612756,PHX,32.0,6-9,81,222,New Mexico,USA,2005,1,17,30,6.3,2.7,0.6,-8.0,0.041,0.117,0.161,0.527,0.049
201980,Danny Green,1610612759,SAS,27.0,6-6,78,215,North Carolina,USA,2009,2,46,81,11.7,4.2,2.0,9.9,0.027,0.138,0.175,0.596,0.101
201967,Dante Cunningham,1610612740,NOP,28.0,6-8,80,230,Villanova,USA,2009,2,33,66,5.2,3.9,0.8,0.8,0.051,0.127,0.112,0.473,0.045
203957,Dante Exum,1610612762,UTA,19.0,6-6,78,190,None,Australia,2014,1,5,82,4.8,1.6,2.4,3.3,0.018,0.065,0.141,0.457,0.169
203121,Darius Miller,1610612740,NOP,25.0,6-8,80,225,Kentucky,USA,2012,2,46,5,0.4,0.2,0.4,-13.1,0.0,0.031,0.089,0.143,0.074
202721,Darius Morris,1610612751,BKN,24.0,6-4,76,195,Michigan,USA,2011,2,41,38,2.2,0.7,1.3,-11.2,0.025,0.077,0.199,0.377,0.281
201589,Darrell Arthur,1610612743,DEN,27.0,6-9,81,235,Kansas,USA,2008,1,27,58,6.6,2.9,1.0,-0.2,0.055,0.129,0.202,0.466,0.096
201954,Darren Collison,1610612758,SAC,27.0,6-0,72,175,California-Los Angeles,USA,2009,1,21,45,16.1,3.2,5.6,1.2,0.015,0.086,0.21,0.575,0.263
101135,David Lee,1610612744,GSW,32.0,6-9,81,245,Florida,USA,2005,1,30,49,7.9,5.2,1.7,3.2,0.097,0.22,0.197,0.541,0.142
204065,David Stockton,1610612758,SAC,23.0,5-11,71,165,Gonzaga,USA,Undrafted,Undrafted,Undrafted,3,2.7,0.7,3.0,32.7,0.0,0.053,0.161,0.463,0.333
204033,David Wear,1610612758,SAC,24.0,6-10,82,230,California-Los Angeles,USA,Undrafted,Undrafted,Undrafted,2,0.0,1.0,0.5,-67.3,0.2,0.0,0.091,0.0,0.143
2561,David West,1610612754,IND,34.0,6-9,81,250,Xavier,USA,2003,1,18,66,11.7,6.8,3.4,0.1,0.062,0.194,0.21,0.508,0.199
201599,DeAndre Jordan,1610612746,LAC,26.0,6-11,83,265,Texas A&M,USA,2008,2,35,82,11.5,15.0,0.7,11.2,0.162,0.323,0.135,0.638,0.03
201971,DeJuan Blair,1610612764,WAS,26.0,6-7,79,270,Pittsburgh,USA,2009,2,37,29,1.9,1.9,0.1,-12.4,0.11,0.241,0.182,0.469,0.029
201942,DeMar DeRozan,1610612761,TOR,25.0,6-7,79,220,Southern California,USA,2009,1,9,60,20.1,4.6,3.5,2.6,0.023,0.128,0.286,0.51,0.174
202326,DeMarcus Cousins,1610612758,SAC,24.0,6-11,83,270,Kentucky,USA,2010,1,5,59,24.1,12.7,3.6,0.1,0.11,0.297,0.339,0.545,0.202
201960,DeMarre Carroll,1610612737,ATL,28.0,6-8,80,212,Missouri,USA,2009,1,27,70,12.6,5.3,1.7,5.7,0.054,0.14,0.168,0.603,0.083
203471,Dennis Schroder,1610612737,ATL,21.0,6-1,73,168,None,Germany,2013,1,17,77,10.0,2.1,4.1,-0.3,0.023,0.099,0.274,0.516,0.373
101114,Deron Williams,1610612751,BKN,30.0,6-3,75,200,Illinois,USA,2005,1,3,68,13.0,3.5,6.6,0.1,0.015,0.112,0.223,0.504,0.326
202324,Derrick Favors,1610612762,UTA,23.0,6-10,82,262,Georgia Tech,USA,2010,1,3,74,16.0,8.2,1.5,2.2,0.101,0.209,0.241,0.558,0.09
201565,Derrick Rose,1610612741,CHI,26.0,6-3,75,190,Memphis,USA,2008,1,1,51,17.7,3.2,4.9,4.1,0.025,0.083,0.31,0.493,0.289
202682,Derrick Williams,1610612758,SAC,23.0,6-8,80,240,Arizona,USA,2011,1,2,74,8.3,2.7,0.7,-7.2,0.033,0.118,0.189,0.54,0.057
2734,Devin Harris,1610612742,DAL,32.0,6-3,75,192,Wisconsin,USA,2004,1,5,76,8.8,1.8,3.1,3.3,0.008,0.081,0.179,0.559,0.207
203906,Devyn Marble,1610612753,ORL,22.0,6-6,78,200,Iowa,USA,2014,2,56,16,2.3,1.9,1.1,-1.8,0.024,0.142,0.124,0.362,0.102
203473,Dewayne Dedmon,1610612753,ORL,25.0,7-0,84,245,Southern California,USA,Undrafted,Undrafted,Undrafted,59,3.7,5.0,0.2,-0.5,0.153,0.235,0.128,0.568,0.016
203079,Dion Waiters,1610612760,OKC,23.0,6-4,76,225,Syracuse,USA,2012,1,4,80,11.8,2.4,2.0,0.3,0.02,0.074,0.221,0.46,0.116
1717,Dirk Nowitzki,1610612742,DAL,36.0,7-0,84,245,None,Germany,1998,1,9,77,17.3,5.9,1.9,4.3,0.021,0.206,0.251,0.56,0.101
202388,Donald Sloan,1610612754,IND,27.0,6-3,75,205,Texas A&M,USA,Undrafted,Undrafted,Undrafted,53,7.4,2.7,3.6,-4.8,0.012,0.128,0.185,0.503,0.291
202700,Donatas Motiejunas,1610612745,HOU,24.0,7-0,84,255,None,Lithuania,2011,1,20,71,12.0,5.9,1.8,2.6,0.075,0.161,0.193,0.553,0.109
2748,Dorell Wright,1610612757,POR,29.0,6-9,81,205,None,USA,2004,1,19,48,4.6,2.3,0.9,6.1,0.025,0.178,0.171,0.525,0.102
203926,Doug McDermott,1610612741,CHI,23.0,6-8,80,225,Creighton,USA,2014,1,11,36,3.0,1.2,0.2,-12.2,0.021,0.13,0.188,0.48,0.033
203110,Draymond Green,1610612744,GSW,25.0,6-7,79,230,Michigan State,USA,2012,2,35,79,11.7,8.2,3.7,16.5,0.051,0.218,0.171,0.54,0.155
2400,Drew Gooden,1610612764,WAS,33.0,6-10,82,250,Kansas,USA,2002,1,4,51,5.4,4.4,1.0,0.4,0.099,0.189,0.171,0.469,0.089
204079,Drew Gordon,1610612755,PHI,24.0,6-9,81,245,New Mexico,USA,Undrafted,Undrafted,Undrafted,9,1.9,2.0,0.2,-22.9,0.097,0.2,0.159,0.428,0.044
202779,Dwight Buycks,1610612747,LAL,26.0,6-3,75,190,Marquette,USA,Undrafted,Undrafted,Undrafted,6,8.7,2.0,2.3,-13.6,0.018,0.092,0.21,0.586,0.206
2730,Dwight Howard,1610612745,HOU,29.0,6-11,83,275,None,USA,2004,1,1,41,15.8,10.5,1.2,8.1,0.106,0.296,0.234,0.596,0.072
203939,Dwight Powell,1610612742,DAL,23.0,6-11,83,240,Stanford,Canada,2014,2,45,29,3.1,1.7,0.3,-4.4,0.08,0.161,0.167,0.552,0.058
2548,Dwyane Wade,1610612748,MIA,33.0,6-4,76,220,Marquette,USA,2003,1,5,62,21.5,3.5,4.8,-1.2,0.036,0.097,0.345,0.534,0.3
202734,E'Twaun Moore,1610612741,CHI,26.0,6-4,76,191,Purdue,USA,2011,2,55,56,2.7,0.8,0.6,0.6,0.027,0.077,0.146,0.504,0.106
2853,Earl Barron,1610612756,PHX,33.0,7-0,84,250,Memphis,USA,Undrafted,Undrafted,Undrafted,16,2.0,1.8,0.3,-19.7,0.092,0.136,0.153,0.361,0.06
201947,Earl Clark,1610612751,BKN,27.0,6-10,82,234,Louisville,USA,2009,1,14,10,2.7,2.3,0.3,-14.1,0.011,0.234,0.176,0.425,0.058
202334,Ed Davis,1610612747,LAL,25.0,6-10,82,240,North Carolina,USA,2010,1,13,79,8.3,7.6,1.2,-7.4,0.134,0.234,0.147,0.594,0.082
202327,Ekpe Udoh,1610612746,LAC,27.0,6-10,82,245,Baylor,USA,2010,1,6,33,0.9,0.8,0.2,-2.8,0.062,0.16,0.129,0.519,0.107
203901,Elfrid Payton,1610612753,ORL,21.0,6-4,76,185,Louisiana-Lafayette,USA,2014,1,10,82,8.9,4.3,6.5,-3.4,0.047,0.111,0.182,0.456,0.314
202407,Elijah Millsap,1610612762,UTA,27.0,6-6,78,215,Alabama-Birmingham,USA,Undrafted,Undrafted,Undrafted,47,5.3,3.2,1.2,5.6,0.035,0.145,0.17,0.45,0.101
202343,Elliot Williams,1610612740,NOP,25.0,6-5,77,190,Memphis,USA,2010,1,22,13,2.8,0.6,0.9,1.6,0.0,0.075,0.164,0.477,0.15
1882,Elton Brand,1610612737,ATL,36.0,6-9,81,254,Duke,USA,1999,1,1,36,2.7,2.8,0.6,1.3,0.065,0.161,0.117,0.457,0.07
202683,Enes Kanter,1610612760,OKC,22.0,6-11,83,245,Kentucky,Turkey,2011,1,3,75,15.5,8.9,0.7,-2.6,0.147,0.21,0.241,0.564,0.044
202339,Eric Bledsoe,1610612756,PHX,25.0,6-1,73,195,Kentucky,USA,2010,1,18,81,17.0,5.2,6.1,1.5,0.029,0.136,0.238,0.555,0.273
201569,Eric Gordon,1610612740,NOP,26.0,6-4,76,215,Indiana,USA,2008,1,7,61,13.4,2.6,3.8,1.2,0.016,0.074,0.198,0.544,0.177
203961,Eric Moreland,1610612758,SAC,23.0,6-10,82,218,Oregon State,USA,Undrafted,Undrafted,Undrafted,3,0.7,0.3,0.0,36.1,0.0,0.5,0.25,1.0,0.0
203475,Erick Green,1610612743,DEN,24.0,6-4,76,185,Virginia Tech,USA,2013,2,46,43,3.4,0.7,0.9,-11.0,0.017,0.068,0.186,0.436,0.165
101141,Ersan Ilyasova,1610612749,MIL,28.0,6-10,82,235,None,Turkey,2005,2,36,58,11.5,4.8,1.0,1.8,0.07,0.177,0.218,0.554,0.07
203095,Evan Fournier,1610612753,ORL,22.0,6-7,79,205,None,France,2012,1,20,58,12.0,2.6,2.1,-4.1,0.019,0.089,0.2,0.546,0.115
202323,Evan Turner,1610612738,BOS,26.0,6-7,79,220,Ohio State,USA,2010,1,2,82,9.5,5.1,5.5,-2.4,0.019,0.184,0.195,0.482,0.302
203105,Festus Ezeli,1610612744,GSW,25.0,6-11,83,265,Vanderbilt,Nigeria,2012,1,30,46,4.4,3.4,0.2,5.4,0.131,0.189,0.177,0.58,0.028
101128,Francisco Garcia,1610612745,HOU,34.0,6-7,79,215,Louisville,Dominican Republic,2005,1,23,14,3.2,1.2,1.1,-1.3,0.018,0.078,0.17,0.347,0.128
203128,Furkan Aldemir,1610612755,PHI,23.0,6-10,82,240,None,Turkey,2012,2,53,41,2.3,4.3,0.7,-10.4,0.143,0.21,0.084,0.517,0.079
203539,Gal Mekel,1610612740,NOP,27.0,6-3,75,191,Wichita State,Israel,Undrafted,Undrafted,Undrafted,4,1.5,0.3,3.3,-1.9,0.0,0.026,0.24,0.15,0.448
202066,Garrett Temple,1610612764,WAS,29.0,6-6,78,195,Louisiana State,USA,Undrafted,Undrafted,Undrafted,52,3.9,1.7,1.1,-0.4,0.036,0.096,0.139,0.534,0.119
203914,Gary Harris,1610612743,DEN,20.0,6-4,76,210,Michigan State,USA,2014,1,19,55,3.4,1.2,0.5,-12.8,0.029,0.068,0.162,0.395,0.061
202390,Gary Neal,1610612750,MIN,30.0,6-4,76,210,Towson,USA,Undrafted,Undrafted,Undrafted,54,10.1,2.4,1.9,-4.2,0.013,0.111,0.24,0.483,0.152
201588,George Hill,1610612754,IND,29.0,6-3,75,188,Indiana Purdue-Indianapolis,USA,2008,1,26,43,16.1,4.2,5.1,7.1,0.022,0.134,0.243,0.579,0.304
101123,Gerald Green,1610612756,PHX,29.0,6-8,80,210,None,USA,2005,1,18,74,11.9,2.5,1.2,0.1,0.025,0.119,0.284,0.532,0.11
201945,Gerald Henderson,1610612766,CHA,27.0,6-5,77,215,Duke,USA,2009,1,12,80,12.1,3.4,2.6,-0.2,0.017,0.115,0.209,0.514,0.152
2222,Gerald Wallace,1610612738,BOS,32.0,6-7,79,220,Alabama,USA,2001,1,25,32,1.1,1.8,0.3,4.8,0.069,0.161,0.091,0.431,0.05
203507,Giannis Antetokounmpo,1610612749,MIL,20.0,6-11,83,217,None,Greece,2013,1,15,81,12.7,6.7,2.6,1.1,0.046,0.201,0.196,0.552,0.133
203540,Gigi Datome,1610612738,BOS,27.0,6-8,80,215,None,Italy,Undrafted,Undrafted,Undrafted,21,5.0,1.4,0.4,13.0,0.016,0.138,0.207,0.587,0.073
201175,Glen Davis,1610612746,LAC,29.0,6-9,81,289,Louisiana State,USA,2007,2,35,74,4.0,2.3,0.5,-3.6,0.052,0.153,0.173,0.495,0.073
203318,Glen Rice Jr.,1610612764,WAS,24.0,6-6,78,206,Georgia Tech,USA,2013,2,35,5,2.2,0.8,0.4,-26.0,0.059,0.069,0.211,0.312,0.083
203922,Glenn Robinson,1610612755,PHI,21.0,6-7,79,222,Michigan,USA,2014,2,40,35,2.1,1.1,0.3,3.1,0.063,0.106,0.146,0.471,0.064
201609,Goran Dragic,1610612748,MIA,29.0,6-3,75,190,None,Slovenia,2008,2,45,78,16.3,3.5,4.5,0.6,0.035,0.081,0.214,0.577,0.212
202330,Gordon Hayward,1610612762,UTA,25.0,6-8,80,225,Butler,USA,2010,1,9,76,19.3,4.9,4.1,2.1,0.024,0.141,0.261,0.567,0.211
203476,Gorgui Dieng,1610612750,MIN,25.0,6-11,83,233,Louisville,Senegal,2013,1,21,73,9.7,8.3,2.0,-9.1,0.115,0.211,0.151,0.573,0.105
203511,Grant Jerrett,1610612762,UTA,21.0,6-10,82,232,Arizona,USA,2013,2,40,8,2.0,1.1,0.4,-22.3,0.034,0.163,0.249,0.303,0.091
202328,Greg Monroe,1610612765,DET,24.0,6-11,83,250,Georgetown,USA,2010,1,7,69,15.9,10.2,2.1,-1.7,0.111,0.254,0.238,0.549,0.119
202962,Greg Smith,1610612742,DAL,24.0,6-10,82,250,Fresno State,USA,Undrafted,Undrafted,Undrafted,42,1.9,1.9,0.2,-1.3,0.072,0.147,0.099,0.605,0.039
201880,Greg Stiemsma,1610612761,TOR,29.0,6-11,83,260,Wisconsin,USA,Undrafted,Undrafted,Undrafted,17,0.8,0.9,0.2,-16.8,0.158,0.12,0.121,0.717,0.077
202349,Greivis Vasquez,1610612761,TOR,28.0,6-6,78,200,Maryland,Venezuela,2010,1,28,82,9.5,2.6,3.7,2.5,0.013,0.116,0.201,0.514,0.247
203084,Harrison Barnes,1610612744,GSW,22.0,6-8,80,225,North Carolina,USA,2012,1,7,82,10.1,5.5,1.4,12.6,0.056,0.151,0.149,0.573,0.068
202355,Hassan Whiteside,1610612748,MIA,25.0,7-0,84,265,Marshall,USA,2010,2,33,48,11.8,10.0,0.1,-2.2,0.154,0.33,0.206,0.619,0.009
2045,Hedo Turkoglu,1610612746,LAC,36.0,6-10,82,220,None,Turkey,2000,1,16,62,3.7,1.6,0.6,0.1,0.008,0.152,0.146,0.602,0.08
203156,Henry Sims,1610612755,PHI,25.0,6-10,82,248,Georgetown,USA,Undrafted,Undrafted,Undrafted,73,8.0,4.9,1.1,-11.5,0.092,0.196,0.206,0.521,0.109
201611,Henry Walker,1610612748,MIA,27.0,6-6,78,235,Kansas State,USA,2008,2,47,24,7.3,3.4,1.2,-0.8,0.014,0.134,0.145,0.497,0.071
203138,Hollis Thompson,1610612755,PHI,24.0,6-8,80,206,Georgetown,USA,Undrafted,Undrafted,Undrafted,71,8.8,2.8,1.2,-9.3,0.031,0.095,0.159,0.538,0.083
203546,Ian Clark,1610612743,DEN,24.0,6-3,75,180,Belmont,USA,Undrafted,Undrafted,Undrafted,30,1.9,0.5,0.4,-9.9,0.023,0.073,0.159,0.483,0.097
101133,Ian Mahinmi,1610612754,IND,28.0,6-11,83,250,None,France,2005,1,28,61,4.3,5.8,0.5,0.5,0.101,0.241,0.125,0.516,0.045
202697,Iman Shumpert,1610612739,CLE,24.0,6-5,77,220,Georgia Tech,USA,2011,1,17,62,8.0,3.6,2.2,2.6,0.042,0.122,0.176,0.497,0.137
203477,Isaiah Canaan,1610612755,PHI,24.0,6-0,72,201,Murray State,USA,2013,2,34,47,9.2,1.9,2.1,-3.8,0.02,0.082,0.217,0.534,0.189
202738,Isaiah Thomas,1610612738,BOS,26.0,5-9,69,185,Washington,USA,2011,2,60,67,16.4,2.3,4.2,4.3,0.021,0.079,0.276,0.58,0.269
202397,Ish Smith,1610612755,PHI,26.0,6-0,72,175,Wake Forest,USA,Undrafted,Undrafted,Undrafted,55,6.1,1.8,3.3,-7.3,0.018,0.116,0.243,0.431,0.388
2747,J.R. Smith,1610612739,CLE,29.0,6-6,78,225,None,USA,2004,1,18,70,12.1,3.1,2.8,2.8,0.017,0.102,0.191,0.538,0.145
201581,JJ Hickson,1610612743,DEN,26.0,6-9,81,242,North Carolina State,USA,2008,1,19,73,7.6,6.2,0.8,-7.1,0.113,0.232,0.2,0.504,0.069
200755,JJ Redick,1610612746,LAC,30.0,6-4,76,190,Duke,USA,2006,1,11,78,16.4,2.1,1.8,11.8,0.011,0.066,0.207,0.622,0.085
203960,JaKarr Sampson,1610612755,PHI,22.0,6-9,81,214,St. John's (NY),USA,Undrafted,Undrafted,Undrafted,74,5.2,2.2,1.0,-11.0,0.032,0.13,0.178,0.498,0.121
203210,JaMychal Green,1610612763,MEM,24.0,6-8,80,230,Alabama,USA,Undrafted,Undrafted,Undrafted,24,2.6,1.9,0.2,-7.8,0.123,0.191,0.171,0.603,0.04
201580,JaVale McGee,1610612755,PHI,27.0,7-0,84,270,Nevada,USA,2008,1,18,23,4.6,2.7,0.1,-11.4,0.076,0.191,0.187,0.567,0.021
203913,Jabari Brown,1610612747,LAL,22.0,6-5,77,214,Missouri,USA,Undrafted,Undrafted,Undrafted,19,11.9,1.9,2.1,-13.4,0.006,0.071,0.186,0.547,0.113
203953,Jabari Parker,1610612749,MIL,20.0,6-8,80,240,Duke,USA,2014,1,2,25,12.3,5.5,1.7,-5.2,0.078,0.142,0.204,0.527,0.095
204022,Jack Cooley,1610612762,UTA,24.0,6-9,81,246,Notre Dame,USA,Undrafted,Undrafted,Undrafted,16,1.7,1.6,0.1,-2.2,0.115,0.205,0.165,0.432,0.019
203109,Jae Crowder,1610612738,BOS,24.0,6-6,78,235,Marquette,USA,2012,2,34,82,7.7,3.6,1.1,2.8,0.046,0.149,0.174,0.517,0.087
203479,Jamaal Franklin,1610612743,DEN,23.0,6-5,77,191,San Diego State,USA,2013,2,41,3,1.0,0.7,1.0,-48.4,0.091,0.091,0.136,0.75,0.273
2037,Jamal Crawford,1610612746,LAC,35.0,6-5,77,200,Michigan,USA,2000,1,8,64,15.8,1.9,2.5,2.3,0.012,0.07,0.278,0.532,0.16
2749,Jameer Nelson,1610612743,DEN,33.0,6-0,72,190,Saint Joseph's,USA,2004,1,20,63,8.3,2.3,4.0,-0.6,0.025,0.091,0.199,0.503,0.278
203516,James Ennis,1610612748,MIA,24.0,6-7,79,208,Long Beach State,USA,2013,2,50,62,5.0,2.8,0.8,-0.1,0.058,0.14,0.146,0.541,0.074
201935,James Harden,1610612745,HOU,25.0,6-5,77,225,Arizona State,USA,2009,1,3,81,27.4,5.7,7.0,5.8,0.028,0.144,0.313,0.605,0.34
201949,James Johnson,1610612761,TOR,28.0,6-9,81,250,Wake Forest,USA,2009,1,16,70,7.9,3.7,1.4,7.0,0.052,0.163,0.174,0.617,0.114
2592,James Jones,1610612739,CLE,34.0,6-8,80,215,Miami (FL),USA,2003,2,49,57,4.4,1.1,0.4,-10.5,0.015,0.096,0.159,0.565,0.059
203949,James Michael McAdoo,1610612744,GSW,22.0,6-9,81,230,North Carolina,USA,Undrafted,Undrafted,Undrafted,15,4.1,2.5,0.1,10.2,0.115,0.173,0.196,0.564,0.02
203923,James Young,1610612738,BOS,19.0,6-6,78,215,Kentucky,USA,2014,1,17,31,3.4,1.4,0.4,-2.9,0.027,0.11,0.153,0.457,0.059
2457,Jannero Pargo,1610612766,CHA,35.0,6-1,73,185,Arkansas,USA,Undrafted,Undrafted,Undrafted,9,4.6,0.3,0.9,-3.6,0.0,0.045,0.248,0.571,0.216
203099,Jared Cunningham,1610612746,LAC,23.0,6-4,76,195,Oregon State,USA,2012,1,24,19,1.8,0.5,0.5,3.1,0.012,0.105,0.24,0.452,0.204
201162,Jared Dudley,1610612749,MIL,29.0,6-7,79,225,Boston College,USA,2007,1,22,72,7.2,3.1,1.8,3.7,0.03,0.113,0.137,0.572,0.115
203096,Jared Sullinger,1610612738,BOS,23.0,6-9,81,260,Ohio State,USA,2012,1,21,58,13.3,7.6,2.3,-2.9,0.102,0.207,0.234,0.503,0.14
203950,Jarnell Stokes,1610612763,MEM,21.0,6-9,81,263,Tennessee,USA,2014,2,35,19,3.0,1.8,0.2,5.1,0.133,0.154,0.193,0.578,0.053
101127,Jarrett Jack,1610612751,BKN,31.0,6-3,75,200,Georgia Tech,USA,2005,1,22,80,12.0,3.1,4.7,-7.8,0.01,0.111,0.225,0.522,0.286
101131,Jason Maxiell,1610612766,CHA,32.0,6-7,79,260,Cincinnati,USA,2005,1,26,61,3.3,3.3,0.3,-8.6,0.1,0.146,0.128,0.455,0.036
2202,Jason Richardson,1610612755,PHI,34.0,6-6,78,225,Michigan State,USA,2001,1,5,19,9.1,3.5,2.0,-8.0,0.03,0.142,0.218,0.458,0.171
201160,Jason Smith,1610612752,NYK,29.0,7-0,84,245,Colorado State,USA,2007,1,20,82,8.0,4.0,1.7,-13.4,0.062,0.152,0.196,0.497,0.134
1891,Jason Terry,1610612745,HOU,37.0,6-2,74,185,Arizona,USA,1999,1,10,77,7.0,1.6,1.9,3.7,0.01,0.07,0.142,0.579,0.139
201574,Jason Thompson,1610612758,SAC,28.0,6-11,83,250,Rider,USA,2008,1,12,81,6.1,6.5,1.0,-4.8,0.082,0.22,0.129,0.5,0.063
202399,Jeff Adrien,1610612750,MIN,29.0,6-7,79,245,Connecticut,USA,Undrafted,Undrafted,Undrafted,17,3.5,4.5,0.9,-4.8,0.107,0.278,0.137,0.494,0.104
201965,Jeff Ayres,1610612759,SAS,28.0,6-9,81,250,Arizona State,USA,2009,2,31,51,2.7,2.3,0.3,-7.9,0.105,0.24,0.161,0.618,0.061
201145,Jeff Green,1610612763,MEM,28.0,6-9,81,235,Georgetown,USA,2007,1,5,78,15.0,4.2,1.7,-3.2,0.029,0.122,0.221,0.534,0.089
203106,Jeff Taylor,1610612766,CHA,25.0,6-7,79,225,Vanderbilt,Sweden,2012,2,31,29,4.4,1.8,0.8,-13.6,0.034,0.104,0.165,0.481,0.093
201952,Jeff Teague,1610612737,ATL,26.0,6-2,74,181,Wake Forest,USA,2009,1,19,73,15.9,2.5,7.0,8.6,0.016,0.076,0.25,0.566,0.367
203481,Jeff Withey,1610612740,NOP,25.0,7-0,84,222,Kansas,USA,2013,2,39,37,2.6,1.7,0.3,-5.4,0.101,0.197,0.175,0.57,0.07
203924,Jerami Grant,1610612755,PHI,21.0,6-8,80,210,Syracuse,USA,2014,2,39,65,6.3,3.0,1.2,-6.0,0.037,0.12,0.164,0.47,0.095
202077,Jerel McNeal,1610612756,PHX,27.0,6-3,75,200,Marquette,USA,Undrafted,Undrafted,Undrafted,6,1.5,0.5,0.3,-7.1,0.0,0.107,0.217,0.379,0.118
202379,Jeremy Evans,1610612762,UTA,27.0,6-9,81,200,Western Kentucky,USA,2010,2,55,38,2.4,1.9,0.3,6.2,0.118,0.177,0.131,0.636,0.084
203087,Jeremy Lamb,1610612760,OKC,22.0,6-5,77,185,Connecticut,USA,2012,1,12,47,6.3,2.3,0.9,-6.3,0.013,0.167,0.218,0.538,0.125
202391,Jeremy Lin,1610612747,LAL,26.0,6-3,75,200,Harvard,USA,Undrafted,Undrafted,Undrafted,74,11.2,2.6,4.6,-6.7,0.015,0.101,0.217,0.539,0.279
202366,Jerome Jordan,1610612751,BKN,28.0,7-0,84,253,Tulsa,Jamaica,2010,2,44,44,3.1,2.4,0.3,-12.2,0.148,0.154,0.157,0.609,0.06
203968,Jerrelle Benimon,1610612762,UTA,23.0,6-8,80,245,None,USA,Undrafted,Undrafted,Undrafted,2,0.0,1.5,0.0,120.0,1.0,0.4,0.167,0.0,0.0
201573,Jerryd Bayless,1610612749,MIL,26.0,6-3,75,200,Arizona,USA,2008,1,11,77,7.8,2.7,3.0,0.7,0.015,0.125,0.189,0.519,0.221
202690,Jimmer Fredette,1610612740,NOP,26.0,6-2,74,195,Brigham Young,USA,2011,1,10,50,3.6,0.8,1.2,2.7,0.018,0.07,0.189,0.479,0.171
202710,Jimmy Butler,1610612741,CHI,25.0,6-7,79,220,Marquette,USA,2011,1,30,65,20.0,5.8,3.3,4.1,0.051,0.111,0.215,0.583,0.142
201149,Joakim Noah,1610612741,CHI,30.0,6-11,83,232,Florida,USA,2007,1,9,67,7.2,9.6,4.7,2.3,0.117,0.226,0.137,0.482,0.227
201975,Jodie Meeks,1610612765,DET,27.0,6-4,76,210,Kentucky,USA,2009,2,41,60,11.1,1.7,1.3,-3.8,0.009,0.071,0.202,0.548,0.091
203925,Joe Harris,1610612739,CLE,23.0,6-6,78,225,Virginia,USA,2014,2,33,51,2.7,0.8,0.5,-12.1,0.016,0.083,0.142,0.537,0.083
204060,Joe Ingles,1610612762,UTA,27.0,6-8,80,216,None,Australia,Undrafted,Undrafted,Undrafted,79,5.0,2.2,2.3,-1.9,0.015,0.106,0.129,0.533,0.171
2207,Joe Johnson,1610612751,BKN,33.0,6-7,79,240,Arkansas,USA,2001,1,10,80,14.4,4.8,3.7,-2.5,0.022,0.136,0.205,0.523,0.169
201202,Joel Anthony,1610612765,DET,32.0,6-9,81,245,Nevada-Las Vegas,Canada,Undrafted,Undrafted,Undrafted,49,1.8,1.9,0.1,2.4,0.085,0.157,0.095,0.607,0.019
200777,Joel Freeland,1610612757,POR,28.0,6-10,82,225,None,Great Britain,2006,1,30,48,3.5,4.0,0.3,6.9,0.111,0.221,0.136,0.522,0.039
201595,Joey Dorsey,1610612745,HOU,31.0,6-9,81,275,Memphis,USA,2008,2,33,69,2.7,4.0,0.4,0.7,0.126,0.233,0.11,0.507,0.043
203530,Joffrey Lauvergne,1610612743,DEN,23.0,6-11,83,220,None,France,2013,2,55,24,3.9,3.2,0.5,-20.4,0.096,0.218,0.193,0.459,0.09
203089,John Henson,1610612749,MIL,24.0,6-11,83,230,North Carolina,USA,2012,1,14,67,7.0,4.7,0.9,-1.4,0.115,0.168,0.183,0.578,0.084
203098,John Jenkins,1610612737,ATL,24.0,6-4,76,215,Vanderbilt,USA,2012,1,23,24,5.6,1.6,0.5,-3.9,0.007,0.13,0.175,0.629,0.081
101249,John Lucas III,1610612765,DET,32.0,5-11,71,166,Oklahoma State,USA,Undrafted,Undrafted,Undrafted,21,4.7,0.8,2.9,-9.1,0.017,0.053,0.211,0.461,0.392
2422,John Salmons,1610612740,NOP,35.0,6-6,78,210,Miami (FL),USA,2002,1,26,21,2.0,1.0,0.6,-12.1,0.015,0.075,0.093,0.422,0.078
202322,John Wall,1610612764,WAS,24.0,6-4,76,195,Kentucky,USA,2010,1,1,79,17.6,4.6,10.0,5.3,0.014,0.127,0.257,0.523,0.446
203948,Johnny O'Bryant,1610612749,MIL,21.0,6-9,81,265,Louisiana State,USA,2014,2,36,34,2.9,1.9,0.5,-13.9,0.078,0.122,0.194,0.379,0.076
202720,Jon Leuer,1610612763,MEM,26.0,6-10,82,228,Wisconsin,USA,2011,2,40,63,4.5,3.3,0.7,-1.2,0.066,0.213,0.186,0.478,0.091
201973,Jonas Jerebko,1610612738,BOS,28.0,6-10,82,231,None,Sweden,2009,2,39,75,6.0,3.8,0.9,5.2,0.081,0.175,0.164,0.549,0.091
202685,Jonas Valanciunas,1610612761,TOR,23.0,7-0,84,255,None,Lithuania,2011,1,5,80,12.0,8.7,0.5,-0.7,0.121,0.254,0.193,0.623,0.031
203919,Jordan Adams,1610612763,MEM,20.0,6-5,77,209,California-Los Angeles,USA,2014,1,22,30,3.1,0.9,0.5,1.3,0.039,0.084,0.195,0.489,0.101
203903,Jordan Clarkson,1610612747,LAL,22.0,6-5,77,185,Missouri,USA,2014,2,46,59,11.9,3.2,3.5,-8.6,0.04,0.109,0.234,0.528,0.243
200770,Jordan Farmar,1610612746,LAC,28.0,6-2,74,180,California-Los Angeles,USA,2006,1,26,36,4.6,1.2,1.9,-4.7,0.017,0.075,0.171,0.513,0.213
202706,Jordan Hamilton,1610612746,LAC,24.0,6-7,79,220,Texas,USA,2011,1,26,14,2.7,1.1,0.5,-7.0,0.019,0.125,0.149,0.543,0.09
201941,Jordan Hill,1610612747,LAL,27.0,6-10,82,235,Arizona,USA,2009,1,8,70,12.0,7.9,1.5,-10.9,0.097,0.232,0.225,0.494,0.096
203268,Jorge Gutierrez,1610612749,MIL,26.0,6-3,75,195,California-Berkeley,Mexico,Undrafted,Undrafted,Undrafted,20,2.7,1.3,1.1,-7.0,0.032,0.119,0.151,0.567,0.212
101181,Jose Calderon,1610612752,NYK,33.0,6-3,75,200,None,Spain,Undrafted,Undrafted,Undrafted,42,9.1,3.0,4.7,-14.5,0.016,0.099,0.16,0.519,0.251
200826,Jose Juan Barea,1610612742,DAL,30.0,6-0,72,185,Northeastern,Puerto Rico,Undrafted,Undrafted,Undrafted,77,7.5,1.7,3.4,4.5,0.019,0.09,0.215,0.502,0.295
201177,Josh McRoberts,1610612748,MIA,28.0,6-10,82,240,Duke,USA,2007,2,37,17,4.2,2.6,1.9,6.1,0.03,0.159,0.132,0.613,0.168
2746,Josh Smith,1610612745,HOU,29.0,6-9,81,225,None,USA,2004,1,17,83,12.4,6.4,3.3,0.1,0.069,0.175,0.245,0.467,0.207
201950,Jrue Holiday,1610612740,NOP,24.0,6-4,76,205,California-Los Angeles,USA,2009,1,17,40,14.8,3.4,6.9,3.5,0.028,0.09,0.227,0.522,0.322
203944,Julius Randle,1610612747,LAL,20.0,6-9,81,250,Kentucky,USA,2014,1,7,1,2.0,0.0,0.0,-74.1,0.0,0.0,0.17,0.258,0.0
203120,Justin Hamilton,1610612750,MIN,25.0,7-0,84,255,Louisiana State,USA,2012,2,45,41,5.3,3.3,0.9,-11.8,0.095,0.128,0.148,0.551,0.09
203200,Justin Holiday,1610612744,GSW,26.0,6-6,78,185,Washington,USA,Undrafted,Undrafted,Undrafted,59,4.3,1.2,0.8,3.0,0.019,0.094,0.19,0.498,0.114
203994,Jusuf Nurkic,1610612743,DEN,20.0,6-11,83,280,None,Boznia & Herzegovina,2014,1,16,62,6.9,6.2,0.8,-1.5,0.116,0.249,0.205,0.483,0.072
203909,KJ McDaniels,1610612745,HOU,22.0,6-6,78,205,Clemson,USA,2014,2,32,62,7.9,3.2,1.2,-8.6,0.049,0.113,0.192,0.494,0.095
203564,Kalin Lucas,1610612763,MEM,25.0,6-1,73,186,Michigan State,USA,Undrafted,Undrafted,Undrafted,1,0.0,0.0,0.0,-39.6,0.0,0.0,0.063,0.0,0.0
202695,Kawhi Leonard,1610612759,SAS,23.0,6-7,79,230,San Diego State,USA,2011,1,15,64,16.5,7.2,2.5,12.0,0.049,0.204,0.231,0.567,0.124
203482,Kelly Olynyk,1610612738,BOS,24.0,7-0,84,238,Gonzaga,Canada,2013,1,13,64,10.3,4.7,1.7,4.7,0.07,0.169,0.208,0.558,0.115
202689,Kemba Walker,1610612766,CHA,25.0,6-1,73,184,Connecticut,USA,2011,1,9,62,17.3,3.5,5.1,-4.6,0.018,0.102,0.259,0.486,0.272
203088,Kendall Marshall,1610612749,MIL,23.0,6-4,76,200,North Carolina,USA,2012,1,13,28,4.2,1.0,3.1,8.0,0.006,0.072,0.16,0.562,0.301
2570,Kendrick Perkins,1610612739,CLE,30.0,6-10,82,270,None,USA,2003,1,27,68,3.6,4.7,0.8,0.7,0.087,0.215,0.139,0.467,0.065
202702,Kenneth Faried,1610612743,DEN,25.0,6-8,80,228,Morehead State,USA,2011,1,22,75,12.6,8.9,1.2,-1.2,0.121,0.234,0.202,0.548,0.067
203145,Kent Bazemore,1610612737,ATL,25.0,6-5,77,201,Old Dominion,USA,Undrafted,Undrafted,Undrafted,75,5.2,3.0,1.0,-0.7,0.018,0.165,0.157,0.52,0.093
203484,Kentavious Caldwell-Pope,1610612765,DET,22.0,6-5,77,205,Georgia,USA,2013,1,8,82,12.7,3.1,1.3,0.5,0.019,0.092,0.192,0.501,0.065
2030,Kenyon Martin,1610612749,MIL,37.0,6-9,81,225,Cincinnati,USA,2000,1,1,11,1.8,1.7,0.5,-2.3,0.067,0.123,0.116,0.437,0.068
201142,Kevin Durant,1610612760,OKC,26.0,6-9,81,240,Texas,USA,2007,1,2,27,25.4,6.6,4.1,7.2,0.02,0.181,0.285,0.633,0.213
708,Kevin Garnett,1610612750,MIN,38.0,6-11,83,253,None,USA,1995,1,5,47,6.9,6.6,1.6,0.2,0.059,0.316,0.184,0.496,0.131
201567,Kevin Love,1610612739,CLE,26.0,6-10,82,243,California-Los Angeles,USA,2008,1,5,75,16.4,9.7,2.2,6.6,0.066,0.261,0.216,0.562,0.104
2755,Kevin Martin,1610612750,MIN,32.0,6-7,79,204,Western Carolina,USA,2004,1,26,39,20.0,3.6,2.3,-10.9,0.016,0.108,0.266,0.549,0.123
202338,Kevin Seraphin,1610612764,WAS,25.0,6-10,82,278,Le Moyne,France,2010,1,17,79,6.6,3.6,0.7,-5.4,0.084,0.182,0.22,0.535,0.085
203114,Khris Middleton,1610612749,MIL,23.0,6-7,79,225,Texas A&M,USA,2012,2,39,79,13.4,4.4,2.3,6.9,0.023,0.138,0.198,0.563,0.123
2550,Kirk Hinrich,1610612741,CHI,34.0,6-4,76,190,Kansas,USA,2003,1,7,66,5.7,1.8,2.2,1.9,0.014,0.065,0.132,0.468,0.143
202691,Klay Thompson,1610612744,GSW,25.0,6-7,79,215,Washington State,USA,2011,1,11,77,21.7,3.2,2.9,15.8,0.012,0.092,0.275,0.591,0.137
977,Kobe Bryant,1610612747,LAL,36.0,6-6,78,212,None,USA,1996,1,13,35,22.3,5.7,5.6,-12.2,0.022,0.166,0.343,0.477,0.3
201585,Kosta Koufos,1610612763,MEM,26.0,7-0,84,265,Ohio State,USA,2008,1,23,81,5.2,5.3,0.5,4.3,0.097,0.246,0.158,0.53,0.044
203123,Kostas Papanikolaou,1610612745,HOU,24.0,6-8,80,235,None,Greece,2012,2,48,43,4.2,2.7,2.0,-2.6,0.056,0.114,0.144,0.444,0.166
2743,Kris Humphries,1610612764,WAS,30.0,6-9,81,235,Minnesota,USA,2004,1,14,64,8.0,6.5,0.9,-1.6,0.099,0.249,0.184,0.512,0.068
203937,Kyle Anderson,1610612759,SAS,21.0,6-9,81,230,California-Los Angeles,USA,2014,1,30,33,2.2,2.2,0.8,-4.8,0.017,0.21,0.135,0.389,0.116
2594,Kyle Korver,1610612737,ATL,34.0,6-7,79,212,Creighton,USA,2003,2,51,75,12.1,4.1,2.6,10.9,0.008,0.131,0.143,0.699,0.111
200768,Kyle Lowry,1610612761,TOR,29.0,6-0,72,205,Villanova,USA,2006,1,24,70,17.8,4.7,6.8,3.0,0.025,0.129,0.249,0.527,0.312
203124,Kyle O'Quinn,1610612753,ORL,25.0,6-10,82,250,Norfolk State,USA,2012,2,49,51,5.8,3.9,1.2,-6.5,0.065,0.207,0.185,0.55,0.119
202713,Kyle Singler,1610612760,OKC,27.0,6-8,80,228,Duke,USA,2011,2,33,80,6.0,2.4,1.1,-2.8,0.019,0.1,0.13,0.512,0.071
202681,Kyrie Irving,1610612739,CLE,23.0,6-3,75,193,Duke,Australia,2011,1,1,75,21.7,3.2,5.2,6.5,0.024,0.075,0.26,0.583,0.236
200746,LaMarcus Aldridge,1610612757,POR,29.0,6-11,83,240,Texas,USA,2006,1,2,71,23.4,10.2,1.7,5.7,0.077,0.232,0.3,0.528,0.089
202362,Lance Stephenson,1610612766,CHA,24.0,6-5,77,230,Cincinnati,USA,2010,2,40,61,8.2,4.5,3.9,-7.5,0.026,0.17,0.211,0.419,0.259
202498,Lance Thomas,1610612752,NYK,27.0,6-8,80,225,Duke,USA,Undrafted,Undrafted,Undrafted,62,7.1,3.1,1.1,-10.7,0.048,0.102,0.172,0.456,0.079
202361,Landry Fields,1610612761,TOR,26.0,6-7,79,215,Stanford,USA,2010,2,39,26,1.8,1.0,0.6,-18.7,0.052,0.083,0.11,0.527,0.112
204038,Langston Galloway,1610612752,NYK,23.0,6-2,74,200,Saint Joseph's,USA,Undrafted,Undrafted,Undrafted,45,11.8,4.2,3.3,-9.5,0.027,0.123,0.19,0.489,0.175
203580,Larry Drew,1610612755,PHI,25.0,6-2,74,180,California-Los Angeles,USA,Undrafted,Undrafted,Undrafted,12,3.8,1.3,3.8,-18.7,0.005,0.08,0.173,0.388,0.381
202336,Larry Sanders,1610612749,MIL,26.0,6-11,83,230,Virginia Commonwealth,USA,2010,1,15,27,7.3,6.1,0.9,-5.6,0.128,0.187,0.168,0.507,0.065
202730,Lavoy Allen,1610612754,IND,26.0,6-9,81,255,Temple,USA,2011,2,50,63,5.0,5.1,1.2,3.2,0.126,0.208,0.15,0.493,0.107
2544,LeBron James,1610612739,CLE,30.0,6-8,80,250,None,USA,2003,1,1,69,25.3,6.0,7.4,9.8,0.025,0.166,0.324,0.577,0.366
2571,Leandro Barbosa,1610612744,GSW,32.0,6-3,75,194,None,Brazil,2003,1,28,66,7.1,1.4,1.5,2.0,0.026,0.076,0.206,0.558,0.162
201991,Lester Hudson,1610612746,LAC,30.0,6-3,75,190,Tennessee-Martin,USA,2009,2,58,5,3.6,1.6,1.0,-3.4,0.024,0.137,0.162,0.571,0.172
203485,Lorenzo Brown,1610612750,MIN,24.0,6-5,77,189,North Carolina State,USA,2013,2,52,29,4.2,2.4,3.1,-7.9,0.031,0.126,0.136,0.468,0.257
200811,Lou Amundson,1610612752,NYK,32.0,6-9,81,225,Nevada-Las Vegas,USA,Undrafted,Undrafted,Undrafted,53,4.9,5.1,1.3,-7.0,0.109,0.211,0.175,0.442,0.118
101150,Lou Williams,1610612761,TOR,28.0,6-1,73,175,None,USA,2005,2,45,80,15.5,1.9,2.1,6.8,0.014,0.074,0.267,0.564,0.136
201601,Luc Mbah a Moute,1610612755,PHI,28.0,6-8,80,230,California-Los Angeles,Cameroon,2008,2,37,67,9.9,4.9,1.6,-9.3,0.044,0.144,0.188,0.466,0.101
203512,Lucas Nogueira,1610612761,TOR,22.0,7-0,84,220,None,Brazil,2013,1,16,6,1.0,1.8,0.2,-20.7,0.067,0.45,0.199,0.307,0.071
2449,Luis Scola,1610612754,IND,35.0,6-9,81,240,None,Argentina,2002,2,55,81,9.4,6.5,1.3,0.0,0.095,0.259,0.225,0.515,0.11
202337,Luke Babbitt,1610612740,NOP,25.0,6-9,81,225,Nevada,USA,2010,1,16,63,4.1,1.8,0.4,-5.1,0.017,0.131,0.125,0.639,0.044
2557,Luke Ridnour,1610612753,ORL,34.0,6-2,74,175,Oregon,USA,2003,1,14,47,4.0,1.4,2.0,-9.8,0.013,0.102,0.149,0.507,0.22
2736,Luol Deng,1610612748,MIA,30.0,6-9,81,220,Duke,Great Britain,2004,1,7,72,14.0,5.2,1.9,0.2,0.053,0.131,0.194,0.561,0.094
202723,Malcolm Lee,1610612755,PHI,24.0,6-5,77,200,California-Los Angeles,USA,2011,2,43,1,0.0,0.0,0.0,66.7,0.0,0.0,0.192,0.0,0.0
202952,Malcolm Thomas,1610612755,PHI,26.0,6-9,81,225,San Diego State,USA,Undrafted,Undrafted,Undrafted,17,2.6,3.3,0.4,-28.1,0.086,0.242,0.127,0.492,0.065
1938,Manu Ginobili,1610612759,SAS,37.0,6-6,78,205,None,Argentina,1999,2,57,70,10.5,3.0,4.2,9.6,0.02,0.129,0.235,0.544,0.29
201188,Marc Gasol,1610612763,MEM,30.0,7-1,85,265,None,Spain,2007,2,48,81,17.4,7.8,3.8,3.4,0.051,0.224,0.247,0.558,0.193
101162,Marcin Gortat,1610612764,WAS,31.0,6-11,83,240,None,Poland,2005,2,57,82,12.2,8.7,1.2,6.0,0.084,0.237,0.175,0.587,0.062
201158,Marco Belinelli,1610612759,SAS,29.0,6-5,77,210,None,Italy,2007,1,18,62,9.2,2.5,1.5,0.1,0.022,0.106,0.19,0.553,0.105
202694,Marcus Morris,1610612756,PHX,25.0,6-9,81,235,Kansas,USA,2011,1,14,81,10.4,4.8,1.6,-1.7,0.039,0.17,0.19,0.52,0.1
203935,Marcus Smart,1610612738,BOS,21.0,6-4,76,220,Oklahoma State,USA,2014,1,6,67,7.8,3.3,3.1,2.5,0.037,0.101,0.152,0.491,0.161
201977,Marcus Thornton,1610612756,PHX,27.0,6-4,76,205,Louisiana State,USA,2009,2,43,48,7.9,1.8,0.8,-2.9,0.034,0.1,0.236,0.514,0.087
201596,Mario Chalmers,1610612748,MIA,28.0,6-2,74,190,Kansas,USA,2008,2,34,80,10.2,2.6,3.8,-3.1,0.013,0.092,0.188,0.521,0.216
203900,Markel Brown,1610612751,BKN,23.0,6-3,75,190,Oklahoma State,USA,2014,2,44,47,4.6,2.3,0.8,-0.6,0.022,0.135,0.149,0.459,0.07
202693,Markieff Morris,1610612756,PHX,25.0,6-10,82,245,Kansas,USA,2011,1,13,82,15.3,6.2,2.3,2.2,0.048,0.167,0.234,0.523,0.12
201578,Marreese Speights,1610612744,GSW,27.0,6-10,82,255,Florida,USA,2008,1,16,76,10.4,4.3,0.9,8.2,0.102,0.195,0.287,0.546,0.098
101110,Martell Webster,1610612764,WAS,28.0,6-7,79,230,None,USA,2005,1,6,32,3.3,1.4,0.5,-19.0,0.032,0.111,0.179,0.445,0.081
101107,Marvin Williams,1610612766,CHA,28.0,6-9,81,237,North Carolina,USA,2005,1,2,78,7.4,4.9,1.3,-4.3,0.031,0.183,0.134,0.541,0.078
203486,Mason Plumlee,1610612751,BKN,25.0,6-11,83,235,Duke,USA,2013,1,22,82,8.7,6.2,0.9,-5.6,0.116,0.221,0.195,0.57,0.069
2440,Matt Barnes,1610612746,LAC,35.0,6-7,79,226,California-Los Angeles,USA,2002,2,45,76,10.1,4.0,1.5,12.0,0.026,0.12,0.147,0.574,0.067
2588,Matt Bonner,1610612759,SAS,35.0,6-10,82,235,Florida,USA,2003,2,45,72,3.7,1.6,0.7,1.1,0.035,0.107,0.126,0.536,0.074
203521,Matthew Dellavedova,1610612739,CLE,24.0,6-4,76,200,Saint Mary's (CA),Australia,Undrafted,Undrafted,Undrafted,67,4.8,1.9,3.0,0.6,0.031,0.076,0.127,0.493,0.228
203090,Maurice Harkless,1610612753,ORL,22.0,6-9,81,215,St. John's (NY),USA,2012,1,15,45,3.5,2.4,0.6,-5.0,0.061,0.117,0.134,0.449,0.056
203086,Meyers Leonard,1610612757,POR,23.0,7-1,85,245,Illinois,USA,2012,1,11,55,5.9,4.5,0.6,1.0,0.061,0.245,0.162,0.631,0.063
201563,Michael Beasley,1610612748,MIA,26.0,6-10,82,235,Kansas State,USA,2008,1,2,24,8.8,3.7,1.3,0.7,0.028,0.168,0.24,0.474,0.113
203487,Michael Carter-Williams,1610612749,MIL,23.0,6-6,78,190,Syracuse,USA,2013,1,11,66,14.6,5.3,6.7,-3.7,0.032,0.15,0.268,0.461,0.374
203077,Michael Kidd-Gilchrist,1610612766,CHA,21.0,6-7,79,232,Kentucky,USA,2012,1,2,55,10.9,7.6,1.4,3.1,0.075,0.214,0.183,0.519,0.078
201144,Mike Conley,1610612763,MEM,27.0,6-1,73,175,Ohio State,USA,2007,1,4,70,15.8,3.0,5.4,3.8,0.015,0.094,0.237,0.558,0.278
2399,Mike Dunleavy,1610612741,CHI,34.0,6-9,81,230,Duke,USA,2002,1,3,63,9.4,3.9,1.8,5.4,0.017,0.125,0.143,0.573,0.094
2034,Mike Miller,1610612739,CLE,35.0,6-8,80,218,Florida,USA,2000,1,5,52,2.1,1.8,0.9,-5.7,0.006,0.141,0.091,0.471,0.101
203488,Mike Muscala,1610612737,ATL,23.0,6-11,83,230,Bucknell,USA,2013,2,44,40,4.9,3.0,0.6,5.3,0.121,0.148,0.165,0.608,0.08
203118,Mike Scott,1610612737,ATL,26.0,6-8,80,237,Virginia,USA,2012,2,43,68,7.8,2.9,1.1,1.1,0.047,0.15,0.22,0.543,0.115
203101,Miles Plumlee,1610612749,MIL,26.0,6-11,83,255,Duke,USA,2012,1,26,73,4.0,4.4,0.5,0.1,0.106,0.195,0.122,0.536,0.041
203545,Miroslav Raduljica,1610612750,MIN,27.0,7-0,84,250,None,Serbia,Undrafted,Undrafted,Undrafted,5,1.6,1.0,0.0,-7.0,0.095,0.188,0.217,0.45,0.0
203141,Mirza Teletovic,1610612751,BKN,29.0,6-9,81,242,None,Boznia & Herzegovina,Undrafted,Undrafted,Undrafted,40,8.5,4.9,1.2,-1.9,0.034,0.197,0.2,0.5,0.087
203956,Mitch McGary,1610612760,OKC,22.0,6-10,82,255,Michigan,USA,2014,1,21,32,6.3,5.2,0.4,4.0,0.12,0.239,0.186,0.55,0.043
2590,Mo Williams,1610612766,CHA,32.0,6-1,73,198,Alabama,USA,2003,2,47,68,14.2,2.6,6.2,-3.5,0.012,0.089,0.248,0.512,0.358
101145,Monta Ellis,1610612742,DAL,29.0,6-3,75,185,None,USA,2005,2,40,80,18.9,2.4,4.1,4.2,0.014,0.063,0.277,0.509,0.2
101126,Nate Robinson,1610612746,LAC,30.0,5-9,69,180,Washington,USA,2005,1,21,42,5.7,1.2,2.3,-8.2,0.03,0.06,0.235,0.432,0.303
203489,Nate Wolters,1610612740,NOP,24.0,6-4,76,190,South Dakota State,USA,2013,2,38,21,2.0,1.6,1.0,-3.4,0.035,0.116,0.134,0.352,0.127
1737,Nazr Mohammed,1610612741,CHI,37.0,6-10,82,250,Kentucky,USA,1998,1,29,23,1.2,1.7,0.1,1.6,0.099,0.239,0.138,0.431,0.038
2403,Nene,1610612764,WAS,32.0,6-11,83,250,None,Brazil,2002,1,7,67,11.0,5.1,1.8,5.9,0.058,0.172,0.219,0.534,0.117
203457,Nerlens Noel,1610612755,PHI,21.0,6-11,83,228,Kentucky,USA,2013,1,6,75,9.9,8.1,1.7,-9.1,0.082,0.207,0.173,0.493,0.099
201979,Nick Calathes,1610612763,MEM,26.0,6-6,78,213,Florida,USA,2009,2,45,58,4.2,1.8,2.5,5.9,0.025,0.115,0.177,0.455,0.274
2555,Nick Collison,1610612760,OKC,34.0,6-10,82,255,Kansas,USA,2003,1,12,66,4.1,3.8,1.4,2.6,0.087,0.156,0.13,0.485,0.12
203910,Nick Johnson,1610612745,HOU,22.0,6-3,75,202,Arizona,USA,2014,2,42,28,2.6,1.4,0.4,-7.3,0.053,0.1,0.173,0.43,0.069
201156,Nick Young,1610612747,LAL,29.0,6-7,79,210,Southern California,USA,2007,1,16,42,13.4,2.3,1.0,-2.8,0.018,0.089,0.257,0.52,0.071
201587,Nicolas Batum,1610612757,POR,26.0,6-8,80,200,None,France,2008,1,25,71,9.4,5.9,4.8,4.2,0.029,0.155,0.145,0.516,0.2
203917,Nik Stauskas,1610612758,SAC,21.0,6-6,78,205,Michigan,Canada,2014,1,8,73,4.4,1.2,0.9,-7.0,0.011,0.075,0.141,0.492,0.092
202703,Nikola Mirotic,1610612741,CHI,24.0,6-10,82,220,None,Montenegro,2011,1,23,82,10.2,4.9,1.2,6.1,0.044,0.219,0.231,0.556,0.102
201593,Nikola Pekovic,1610612750,MIN,29.0,6-11,83,295,None,Montenegro,2008,2,31,31,12.5,7.5,0.9,-6.0,0.117,0.197,0.227,0.502,0.057
202696,Nikola Vucevic,1610612753,ORL,24.0,7-0,84,260,Southern California,Montenegro,2011,1,16,74,19.3,10.9,2.0,-6.0,0.103,0.264,0.258,0.548,0.106
203943,Noah Vonleh,1610612766,CHA,19.0,6-10,82,240,Indiana,USA,2014,1,9,25,3.3,3.4,0.2,-13.2,0.105,0.26,0.17,0.475,0.029
202708,Norris Cole,1610612740,NOP,26.0,6-2,74,175,Cleveland State,USA,2011,1,28,75,7.6,2.1,3.4,-3.4,0.009,0.093,0.183,0.483,0.229
201564,O.J. Mayo,1610612749,MIL,27.0,6-5,77,210,Southern California,USA,2008,1,3,71,11.4,2.6,2.8,-0.6,0.021,0.103,0.236,0.529,0.194
203136,Ognjen Kuzmic,1610612744,GSW,25.0,7-0,84,260,None,Boznia & Herzegovina,2012,2,52,16,1.3,1.1,0.4,-25.8,0.115,0.118,0.118,0.727,0.154
201600,Omer Asik,1610612740,NOP,28.0,7-0,84,255,None,Turkey,2008,2,36,76,7.3,9.8,0.9,0.4,0.139,0.289,0.14,0.545,0.054
201956,Omri Casspi,1610612758,SAC,26.0,6-9,81,225,None,Israel,2009,1,23,67,8.9,3.9,1.5,-5.8,0.046,0.157,0.186,0.58,0.121
203490,Otto Porter,1610612764,WAS,21.0,6-8,80,198,Georgetown,USA,2013,1,3,74,6.0,3.0,0.9,0.6,0.058,0.118,0.152,0.523,0.068
203798,PJ Hairston,1610612766,CHA,22.0,6-6,78,230,North Carolina,USA,2014,1,26,45,5.6,2.0,0.5,-8.0,0.032,0.117,0.196,0.446,0.051
200782,PJ Tucker,1610612756,PHX,30.0,6-6,78,224,Texas,USA,2006,2,35,78,9.1,6.4,1.6,-0.3,0.051,0.178,0.139,0.541,0.076
203143,Pablo Prigioni,1610612745,HOU,38.0,6-3,75,185,None,Argentina,Undrafted,Undrafted,Undrafted,67,4.1,1.8,2.6,-3.7,0.029,0.085,0.117,0.557,0.213
201976,Patrick Beverley,1610612745,HOU,26.0,6-1,73,210,Arkansas,USA,2009,2,42,56,10.1,4.2,3.4,2.2,0.043,0.114,0.162,0.509,0.171
203565,Patrick Christopher,1610612762,UTA,26.0,6-5,77,209,California,USA,Undrafted,Undrafted,Undrafted,4,1.5,1.5,0.0,-22.8,0.077,0.182,0.211,0.25,0.0
202335,Patrick Patterson,1610612761,TOR,26.0,6-9,81,235,Kentucky,USA,2010,1,14,81,8.0,5.3,1.9,5.3,0.066,0.169,0.13,0.568,0.108
201988,Patty Mills,1610612759,SAS,26.0,6-0,72,185,Saint Mary's (CA),Australia,2009,2,55,51,6.9,1.5,1.7,9.0,0.028,0.072,0.213,0.496,0.172
2200,Pau Gasol,1610612741,CHI,34.0,7-0,84,250,None,Spain,2001,1,3,78,18.5,11.8,2.7,3.0,0.091,0.267,0.244,0.55,0.142
202331,Paul George,1610612754,IND,25.0,6-9,81,220,Fresno State,USA,2010,1,10,6,8.8,3.7,1.0,7.0,0.051,0.189,0.327,0.492,0.122
200794,Paul Millsap,1610612737,ATL,30.0,6-8,80,253,Louisiana Tech,USA,2006,2,47,73,16.7,7.8,3.1,7.7,0.069,0.203,0.235,0.565,0.149
1718,Paul Pierce,1610612764,WAS,37.0,6-7,79,235,Kansas,USA,1998,1,10,73,11.9,4.0,2.0,5.0,0.027,0.147,0.197,0.58,0.115
203544,Pero Antic,1610612737,ATL,32.0,6-11,83,260,None,Macedonia,Undrafted,Undrafted,Undrafted,63,5.7,3.0,0.8,6.0,0.065,0.146,0.171,0.508,0.072
203103,Perry Jones,1610612760,OKC,23.0,6-11,83,235,Baylor,USA,2012,1,28,43,4.3,1.8,0.4,-9.4,0.01,0.116,0.156,0.459,0.046
203515,Phil Pressey,1610612738,BOS,24.0,5-11,71,175,Missouri,USA,Undrafted,Undrafted,Undrafted,50,3.5,1.6,2.3,0.7,0.024,0.124,0.175,0.453,0.3
203112,Quincy Acy,1610612752,NYK,24.0,6-7,79,240,Baylor,USA,2012,2,37,68,5.9,4.4,1.0,-8.0,0.067,0.2,0.155,0.533,0.091
203113,Quincy Miller,1610612765,DET,22.0,6-9,81,210,Baylor,USA,2012,2,38,10,2.9,2.0,0.8,14.8,0.035,0.133,0.167,0.338,0.092
202347,Quincy Pondexter,1610612740,NOP,27.0,6-7,79,220,Washington,USA,2010,1,26,75,7.2,2.6,1.3,0.1,0.034,0.09,0.139,0.55,0.08
200765,Rajon Rondo,1610612742,DAL,29.0,6-1,73,186,Kentucky,USA,2006,1,21,68,8.9,5.5,7.9,-1.2,0.039,0.161,0.194,0.448,0.393
201196,Ramon Sessions,1610612764,WAS,29.0,6-3,75,190,Nevada,USA,2007,2,56,64,6.3,2.3,2.8,-5.6,0.023,0.108,0.191,0.49,0.258
200751,Randy Foye,1610612743,DEN,31.0,6-4,76,213,Villanova,USA,2006,1,7,50,8.7,1.7,2.4,-4.7,0.009,0.08,0.194,0.51,0.176
2446,Rasual Butler,1610612764,WAS,35.0,6-7,79,215,La Salle,USA,2002,2,52,75,7.7,2.6,0.8,-1.6,0.02,0.119,0.178,0.531,0.067
203492,Ray McCallum,1610612758,SAC,23.0,6-3,75,190,Detroit Mercy,USA,2013,2,36,68,7.4,2.6,2.8,-8.9,0.04,0.099,0.178,0.496,0.21
101109,Raymond Felton,1610612742,DAL,30.0,6-1,73,205,North Carolina,USA,2005,1,5,29,3.7,0.9,1.4,-3.3,0.007,0.089,0.206,0.48,0.237
203493,Reggie Bullock,1610612756,PHX,24.0,6-7,79,205,North Carolina,USA,2013,1,25,36,1.9,1.4,0.2,-1.5,0.003,0.159,0.114,0.466,0.038
2501,Reggie Evans,1610612758,SAC,34.0,6-8,80,245,Iowa,USA,Undrafted,Undrafted,Undrafted,47,3.7,6.4,0.7,-4.4,0.149,0.323,0.129,0.49,0.065
202704,Reggie Jackson,1610612765,DET,25.0,6-3,75,208,Boston College,USA,2011,1,24,77,14.5,4.2,6.0,1.6,0.027,0.129,0.249,0.511,0.333
202130,Reggie Williams,1610612759,SAS,28.0,6-6,78,205,Virginia Military Institute,USA,Undrafted,Undrafted,Undrafted,20,1.9,0.9,0.5,-15.0,0.049,0.128,0.192,0.454,0.169
2210,Richard Jefferson,1610612742,DAL,34.0,6-7,79,234,Arizona,USA,2001,1,13,74,5.8,2.5,0.8,3.6,0.022,0.137,0.155,0.577,0.073
203495,Ricky Ledo,1610612752,NYK,22.0,6-7,79,195,Providence,USA,2013,2,43,17,5.3,2.1,1.1,-14.7,0.073,0.098,0.236,0.426,0.143
201937,Ricky Rubio,1610612750,MIN,24.0,6-4,76,192,None,Spain,2009,1,5,22,10.3,5.7,8.8,-1.6,0.029,0.167,0.196,0.452,0.422
203133,Robbie Hummel,1610612750,MIN,26.0,6-9,81,219,Purdue,USA,2012,2,58,45,4.4,3.0,0.6,-10.7,0.047,0.166,0.121,0.536,0.058
203496,Robert Covington,1610612755,PHI,24.0,6-9,81,215,Tennessee State,USA,Undrafted,Undrafted,Undrafted,70,13.5,4.5,1.5,-4.4,0.034,0.145,0.218,0.554,0.095
203135,Robert Sacre,1610612747,LAL,25.0,7-0,84,270,Gonzaga,Canada,2012,2,60,67,4.6,3.5,0.8,-2.6,0.082,0.143,0.15,0.449,0.076
201577,Robin Lopez,1610612757,POR,27.0,7-0,84,255,Stanford,USA,2008,1,15,59,9.6,6.7,0.9,4.7,0.128,0.123,0.156,0.574,0.05
203918,Rodney Hood,1610612762,UTA,22.0,6-8,80,215,Duke,USA,2014,1,23,50,8.7,2.3,1.7,3.3,0.01,0.115,0.196,0.529,0.136
201155,Rodney Stuckey,1610612754,IND,29.0,6-5,77,205,Eastern Washington,USA,2007,1,15,71,12.6,3.5,3.1,-0.7,0.021,0.121,0.234,0.528,0.2
101179,Ronnie Price,1610612747,LAL,31.0,6-2,74,190,Utah Valley,USA,Undrafted,Undrafted,Undrafted,43,5.1,1.6,3.8,-3.1,0.021,0.059,0.134,0.455,0.244
101142,Ronny Turiaf,1610612750,MIN,32.0,6-10,82,249,Gonzaga,France,2005,2,37,2,0.0,0.5,1.0,-14.3,0.0,0.071,0.0,0.0,0.167
201579,Roy Hibbert,1610612754,IND,28.0,7-2,86,290,Georgetown,USA,2008,1,17,76,10.6,7.1,1.1,-1.4,0.093,0.217,0.217,0.501,0.076
200752,Rudy Gay,1610612758,SAC,28.0,6-8,80,230,Connecticut,USA,2006,1,8,68,21.1,5.9,3.7,-2.3,0.048,0.141,0.268,0.556,0.185
203497,Rudy Gobert,1610612762,UTA,22.0,7-1,85,245,None,France,2013,1,27,82,8.4,9.5,1.3,1.2,0.142,0.266,0.14,0.627,0.087
203893,Russ Smith,1610612763,MEM,24.0,6-0,72,165,Louisville,USA,2014,2,47,12,2.5,0.5,0.7,10.4,0.015,0.078,0.251,0.488,0.216
201566,Russell Westbrook,1610612760,OKC,26.0,6-3,75,200,California-Los Angeles,USA,2008,1,4,67,28.1,7.3,8.6,4.1,0.059,0.167,0.372,0.536,0.43
201583,Ryan Anderson,1610612740,NOP,27.0,6-10,82,240,California,USA,2008,1,21,61,13.7,4.8,0.9,-1.9,0.071,0.128,0.23,0.524,0.054
200797,Ryan Hollins,1610612758,SAC,30.0,7-0,84,240,California-Los Angeles,USA,2006,2,50,46,3.0,2.2,0.3,-4.8,0.097,0.156,0.134,0.648,0.048
203527,Ryan Kelly,1610612747,LAL,24.0,6-11,83,230,Duke,USA,2013,2,48,52,6.4,2.8,1.8,-7.4,0.011,0.123,0.143,0.473,0.113
2223,Samuel Dalembert,1610612752,NYK,34.0,6-11,83,255,Seton Hall,Haiti,2001,1,26,32,4.0,5.3,0.9,-13.5,0.114,0.251,0.154,0.461,0.088
203930,Sean Kilpatrick,1610612750,MIN,25.0,6-4,76,210,Cincinnati,USA,Undrafted,Undrafted,Undrafted,4,5.5,1.5,1.0,7.3,0.02,0.094,0.151,0.506,0.082
2742,Sebastian Telfair,1610612760,OKC,29.0,6-0,72,170,None,USA,2004,1,13,16,8.4,1.9,2.8,-12.3,0.007,0.096,0.224,0.479,0.29
201586,Serge Ibaka,1610612760,OKC,25.0,6-10,82,245,None,Congo,2008,1,24,64,14.3,7.8,0.9,3.6,0.072,0.176,0.192,0.549,0.041
203508,Sergey Karasev,1610612751,BKN,21.0,6-7,79,208,None,Russia,2013,1,19,33,4.6,2.0,1.4,0.7,0.046,0.088,0.141,0.508,0.123
203552,Seth Curry,1610612756,PHX,24.0,6-2,74,185,Duke,USA,Undrafted,Undrafted,Undrafted,2,0.0,1.0,0.5,-22.5,0.0,0.4,0.178,0.0,0.2
203498,Shabazz Muhammad,1610612750,MIN,22.0,6-6,78,227,California-Los Angeles,USA,2013,1,14,38,13.5,4.1,1.2,-9.7,0.079,0.125,0.245,0.556,0.091
203894,Shabazz Napier,1610612748,MIA,23.0,6-1,73,175,Connecticut,USA,2014,1,24,51,5.1,2.2,2.5,-1.4,0.021,0.116,0.157,0.517,0.216
203499,Shane Larkin,1610612752,NYK,22.0,5-11,71,175,Miami (FL),USA,2013,1,18,76,6.2,2.3,3.0,-11.1,0.018,0.096,0.137,0.504,0.201
200769,Shannon Brown,1610612748,MIA,29.0,6-3,75,215,Michigan State,USA,2006,1,25,5,4.0,0.2,0.6,-5.4,0.0,0.014,0.145,0.482,0.049
2733,Shaun Livingston,1610612744,GSW,29.0,6-7,79,192,None,USA,2004,1,4,78,5.9,2.3,3.3,4.0,0.034,0.101,0.164,0.529,0.267
101183,Shavlik Randolph,1610612738,BOS,31.0,6-10,82,236,Duke,USA,Undrafted,Undrafted,Undrafted,21,1.1,1.8,0.2,-10.9,0.117,0.21,0.144,0.298,0.051
1890,Shawn Marion,1610612739,CLE,37.0,6-7,79,228,Nevada-Las Vegas,USA,1999,1,9,57,4.8,3.5,0.9,2.2,0.068,0.143,0.128,0.489,0.069
200761,Shawne Williams,1610612765,DET,29.0,6-10,82,230,Memphis,USA,2006,1,17,63,5.4,2.6,0.7,-4.8,0.04,0.148,0.152,0.537,0.068
203963,Shayne Whittington,1610612754,IND,24.0,6-11,83,250,Western Michigan,USA,Undrafted,Undrafted,Undrafted,20,2.9,1.5,0.3,2.9,0.103,0.198,0.247,0.547,0.094
202714,Shelvin Mack,1610612737,ATL,25.0,6-3,75,207,Butler,USA,2011,2,34,55,5.4,1.4,2.8,0.7,0.011,0.098,0.197,0.489,0.298
204021,Sim Bhullar,1610612758,SAC,22.0,7-5,89,360,New Mexico State,Canada,Undrafted,Undrafted,Undrafted,3,0.7,0.3,0.3,34.7,0.0,0.333,0.45,0.5,0.5
203524,Solomon Hill,1610612754,IND,24.0,6-7,79,225,Arizona,USA,2013,1,23,82,8.9,3.8,2.2,-3.6,0.033,0.115,0.161,0.507,0.121
203915,Spencer Dinwiddie,1610612765,DET,22.0,6-6,78,200,Colorado,USA,2014,2,38,34,4.3,1.4,3.1,-8.7,0.009,0.112,0.215,0.394,0.394
201150,Spencer Hawes,1610612746,LAC,27.0,7-1,85,245,Washington,USA,2007,1,10,73,5.8,3.5,1.2,-2.8,0.027,0.195,0.185,0.478,0.11
201939,Stephen Curry,1610612744,GSW,27.0,6-3,75,190,Davidson,USA,2009,1,7,80,23.8,4.3,7.7,17.0,0.024,0.113,0.283,0.638,0.358
2581,Steve Blake,1610612757,POR,35.0,6-3,75,172,Maryland,USA,2003,2,38,81,4.3,1.7,3.6,3.6,0.012,0.083,0.132,0.507,0.264
200779,Steve Novak,1610612760,OKC,31.0,6-10,82,225,Marquette,USA,2006,2,32,35,1.8,0.6,0.3,-19.6,0.01,0.11,0.133,0.554,0.088
203500,Steven Adams,1610612760,OKC,21.0,7-0,84,255,Pittsburgh,New Zealand,2013,1,12,70,7.7,7.5,0.9,0.2,0.124,0.198,0.144,0.549,0.056
203933,TJ Warren,1610612756,PHX,21.0,6-8,80,215,North Carolina State,USA,2014,1,14,40,6.1,2.1,0.6,-7.4,0.068,0.082,0.177,0.551,0.069
201959,Taj Gibson,1610612741,CHI,29.0,6-9,81,225,Southern California,USA,2009,1,26,62,10.3,6.4,1.1,1.8,0.107,0.149,0.177,0.545,0.071
204028,Tarik Black,1610612747,LAL,23.0,6-11,83,257,Kansas,USA,Undrafted,Undrafted,Undrafted,63,6.0,5.8,0.7,-2.8,0.131,0.229,0.141,0.583,0.059
2419,Tayshaun Prince,1610612765,DET,35.0,6-9,81,215,Kentucky,USA,2002,1,23,58,7.5,3.6,1.6,-4.8,0.041,0.127,0.153,0.504,0.109
203093,Terrence Jones,1610612745,HOU,23.0,6-9,81,255,Kentucky,USA,2012,1,18,33,11.7,6.7,1.1,5.3,0.098,0.163,0.187,0.567,0.067
203082,Terrence Ross,1610612761,TOR,24.0,6-7,79,195,Washington,USA,2012,1,8,82,9.8,2.8,1.0,1.1,0.018,0.106,0.184,0.519,0.063
200757,Thabo Sefolosha,1610612737,ATL,31.0,6-7,79,222,None,Switzerland,2006,1,13,52,5.3,4.3,1.4,10.3,0.063,0.193,0.147,0.506,0.116
201152,Thaddeus Young,1610612751,BKN,26.0,6-8,80,221,Georgia Tech,USA,2007,1,12,76,14.1,5.4,2.3,-4.4,0.058,0.136,0.214,0.507,0.118
203080,Thomas Robinson,1610612755,PHI,24.0,6-10,82,237,Kansas,USA,2012,1,5,54,5.7,5.6,0.6,-0.6,0.122,0.284,0.195,0.502,0.07
201168,Tiago Splitter,1610612759,SAS,30.0,6-11,83,245,None,Brazil,2007,1,28,52,8.2,4.8,1.5,12.4,0.101,0.172,0.183,0.601,0.11
1495,Tim Duncan,1610612759,SAS,39.0,6-11,83,250,Wake Forest,U.S. Virgin Islands,1997,1,1,77,13.9,9.1,3.0,7.0,0.089,0.266,0.223,0.56,0.166
204025,Tim Frazier,1610612757,POR,24.0,6-1,73,170,None,USA,Undrafted,Undrafted,Undrafted,11,5.2,2.5,5.5,-3.4,0.026,0.101,0.173,0.406,0.361
203501,Tim Hardaway Jr.,1610612752,NYK,23.0,6-6,78,210,Michigan,USA,2013,1,24,70,11.5,2.2,1.8,-10.8,0.008,0.101,0.235,0.512,0.134
202389,Timofey Mozgov,1610612739,CLE,28.0,7-1,85,250,None,Russia,Undrafted,Undrafted,Undrafted,81,9.7,7.3,0.7,4.8,0.112,0.207,0.167,0.594,0.04
202699,Tobias Harris,1610612753,ORL,22.0,6-9,81,235,Tennessee,USA,2011,1,19,68,17.1,6.3,1.8,-6.6,0.035,0.173,0.225,0.551,0.088
201962,Toney Douglas,1610612740,NOP,29.0,6-2,74,195,Florida State,USA,2009,1,29,12,4.3,1.8,2.0,5.0,0.015,0.13,0.187,0.45,0.214
2754,Tony Allen,1610612763,MEM,33.0,6-4,76,213,Oklahoma State,USA,2004,1,25,63,8.6,4.4,1.4,10.2,0.073,0.119,0.166,0.528,0.081
2225,Tony Parker,1610612759,SAS,33.0,6-2,74,185,None,France,2001,1,28,68,14.4,1.9,4.9,5.4,0.009,0.066,0.247,0.539,0.278
203503,Tony Snell,1610612741,CHI,23.0,6-7,79,200,New Mexico,USA,2013,1,20,72,6.0,2.4,0.9,2.8,0.024,0.109,0.142,0.55,0.068
203100,Tony Wroten,1610612755,PHI,22.0,6-6,78,205,Washington,USA,2012,1,25,30,16.9,2.9,5.2,-12.7,0.027,0.085,0.303,0.494,0.338
203315,Toure Murry,1610612764,WAS,25.0,6-5,77,195,Wichita State,USA,Undrafted,Undrafted,Undrafted,5,1.2,0.2,0.2,4.5,0.067,0.0,0.267,0.51,0.111
204037,Travis Wear,1610612752,NYK,24.0,6-10,82,225,California-Los Angeles,USA,Undrafted,Undrafted,Undrafted,51,3.9,2.1,0.8,-5.5,0.054,0.133,0.179,0.451,0.104
2772,Trevor Ariza,1610612745,HOU,29.0,6-8,80,215,California-Los Angeles,USA,2004,2,43,82,12.8,5.6,2.5,4.3,0.029,0.145,0.166,0.539,0.112
202344,Trevor Booker,1610612762,UTA,27.0,6-8,80,230,Clemson,USA,2010,1,23,79,7.2,5.0,1.1,0.9,0.105,0.192,0.181,0.536,0.093
203504,Trey Burke,1610612762,UTA,22.0,6-1,73,185,Michigan,USA,2013,1,9,76,12.8,2.7,4.3,-1.6,0.015,0.087,0.237,0.455,0.245
202684,Tristan Thompson,1610612739,CLE,24.0,6-9,81,238,Texas,Canada,2011,1,4,82,8.5,8.0,0.5,4.5,0.144,0.201,0.14,0.58,0.028
203584,Troy Daniels,1610612766,CHA,23.0,6-4,76,205,Virginia Commonwealth,USA,Undrafted,Undrafted,Undrafted,47,3.7,0.7,0.5,-12.4,0.02,0.074,0.209,0.515,0.111
201951,Ty Lawson,1610612743,DEN,27.0,5-11,71,195,North Carolina,USA,2009,1,18,75,15.2,3.1,9.6,-1.7,0.017,0.081,0.203,0.526,0.408
203898,Tyler Ennis,1610612749,MIL,20.0,6-3,75,175,Syracuse,Canada,2014,1,18,25,4.0,1.1,2.4,-8.6,0.019,0.074,0.201,0.395,0.26
203898,Tyler Ennis,1610612749,MIL,20.0,6-2,74,180,Syracuse,Canada,2014,1,18,8,2.8,0.9,1.8,-2.9,0.016,0.122,0.213,0.503,0.389
201946,Tyler Hansbrough,1610612761,TOR,29.0,6-9,81,250,North Carolina,USA,2009,1,13,74,3.6,3.6,0.3,10.5,0.12,0.188,0.107,0.597,0.029
204020,Tyler Johnson,1610612748,MIA,23.0,6-3,75,190,Fresno State,USA,Undrafted,Undrafted,Undrafted,32,5.9,2.5,1.3,-5.0,0.027,0.121,0.165,0.506,0.115
203092,Tyler Zeller,1610612738,BOS,25.0,7-0,84,253,North Carolina,USA,2012,1,17,82,10.2,5.7,1.4,-3.0,0.093,0.199,0.198,0.594,0.106
201936,Tyreke Evans,1610612740,NOP,25.0,6-6,78,220,Memphis,USA,2009,1,4,79,16.6,5.3,6.6,2.2,0.034,0.142,0.257,0.508,0.316
200748,Tyrus Thomas,1610612763,MEM,28.0,6-10,82,225,Louisiana State,USA,2006,1,4,2,2.0,0.0,0.5,3.7,0.0,0.0,0.137,1.064,0.2
2199,Tyson Chandler,1610612742,DAL,32.0,7-1,85,240,None,USA,2001,1,2,75,10.3,11.5,1.1,5.5,0.141,0.271,0.128,0.697,0.053
2617,Udonis Haslem,1610612748,MIA,34.0,6-8,80,235,Florida,USA,Undrafted,Undrafted,Undrafted,62,4.2,4.2,0.7,-7.1,0.083,0.221,0.144,0.488,0.078
203505,Vander Blue,1610612747,LAL,22.0,6-4,76,200,Marquette,USA,Undrafted,Undrafted,Undrafted,2,11.0,4.5,4.0,-23.0,0.024,0.123,0.205,0.342,0.178
201964,Victor Claver,1610612757,POR,26.0,6-9,81,224,None,Spain,2009,1,22,10,2.4,2.0,0.1,15.3,0.043,0.25,0.15,0.6,0.019
203506,Victor Oladipo,1610612753,ORL,23.0,6-4,76,210,Indiana,USA,2013,1,2,72,17.9,4.2,4.1,-5.7,0.022,0.114,0.251,0.527,0.188
1713,Vince Carter,1610612763,MEM,38.0,6-6,78,220,North Carolina,USA,1998,1,5,66,5.8,2.0,1.2,-0.3,0.027,0.109,0.197,0.445,0.11
201961,Wayne Ellington,1610612747,LAL,27.0,6-4,76,200,North Carolina,USA,2009,1,28,65,10.0,3.2,1.6,-3.4,0.02,0.117,0.186,0.504,0.101
202325,Wesley Johnson,1610612747,LAL,27.0,6-7,79,215,Syracuse,USA,2010,1,4,76,9.9,4.2,1.6,-6.8,0.032,0.129,0.164,0.509,0.084
202083,Wesley Matthews,1610612757,POR,28.0,6-5,77,220,Marquette,USA,Undrafted,Undrafted,Undrafted,60,15.9,3.7,2.3,6.5,0.021,0.095,0.197,0.586,0.11
203115,Will Barton,1610612743,DEN,24.0,6-6,78,175,Memphis,USA,2012,2,40,58,6.8,2.8,1.4,-2.3,0.027,0.148,0.202,0.503,0.135
101198,Will Bynum,1610612764,WAS,32.0,6-0,72,185,Georgia Tech,USA,Undrafted,Undrafted,Undrafted,7,3.1,0.9,2.6,-41.0,0.033,0.07,0.272,0.336,0.486
203805,Will Cherry,1610612739,CLE,24.0,6-0,72,185,Montana,USA,Undrafted,Undrafted,Undrafted,8,1.9,0.6,1.0,-3.7,0.017,0.066,0.168,0.347,0.174
2584,Willie Green,1610612753,ORL,33.0,6-3,75,205,Detroit Mercy,USA,2003,2,41,52,5.9,1.5,1.3,-4.7,0.017,0.075,0.177,0.477,0.121
201163,Wilson Chandler,1610612743,DEN,28.0,6-8,80,225,DePaul,USA,2007,1,23,78,13.9,6.1,1.7,-5.1,0.041,0.174,0.201,0.523,0.086
202333,Xavier Henry,1610612747,LAL,24.0,6-6,78,220,Kansas,USA,2010,1,12,9,2.2,0.4,0.3,8.0,0.024,0.031,0.139,0.424,0.048
203897,Zach LaVine,1610612750,MIN,20.0,6-5,77,183,California-Los Angeles,USA,2014,1,13,77,10.1,2.8,3.6,-14.5,0.016,0.116,0.224,0.515,0.25
2216,Zach Randolph,1610612763,MEM,33.0,6-9,81,260,Michigan State,USA,2001,1,19,71,16.1,10.5,2.2,6.3,0.115,0.259,0.242,0.538,0.111
2585,Zaza Pachulia,1610612749,MIL,31.0,6-11,83,270,None,Georgia,2003,2,42,73,8.3,6.8,2.4,6.9,0.133,0.206,0.189,0.506,0.155
204054,Zoran Dragic,1610612748,MIA,25.0,6-5,77,200,None,Slovenia,Undrafted,Undrafted,Undrafted,16,1.8,0.5,0.3,-15.3,0.072,0.045,0.217,0.435,0.116
